Date,ENSO,ENSO_filtered,IOD,IOD_filtered,PDO,PDO_filtered,IPO,IPO_filtered
1900-01-01,1.41,,-0.469,,0.909,,1.551,
1900-02-01,1.29,,-0.293,,0.395,,1.366,
1900-03-01,0.99,,-0.464,,0.797,,1.249,
1900-04-01,0.66,,-0.319,,1.735,,0.996,
1900-05-01,0.54,,-0.159,,1.276,,0.855,
1900-06-01,0.76,,-0.042,,1.003,,0.977,
1900-07-01,0.75,,-0.319,,1.005,,1.019,
1900-08-01,0.78,,-0.49,,1.246,,0.896,
1900-09-01,0.56,,-0.538,,-0.23,,0.738,
1900-10-01,0.42,,-0.429,,0.122,,0.607,
1900-11-01,0.14,,-0.196,,0.657,,0.435,
1900-12-01,0.6,,-0.633,,0.651,,1.126,
1901-01-01,0.82,,-0.54,,1.146,,0.905,
1901-02-01,0.29,,-0.868,,0.671,,0.625,
1901-03-01,0.05,,-0.72,,-0.317,,0.452,
1901-04-01,-0.13,,-0.514,,-0.437,,0.205,
1901-05-01,-0.19,,-0.553,,-1.034,,0.03,
1901-06-01,-0.26,,-0.618,,-1.072,,-0.013,
1901-07-01,-0.3,,-0.713,,-1.138,,0.193,
1901-08-01,-0.38,,-0.825,,-0.466,,0.179,
1901-09-01,-0.3,,-1.029,,0.092,,0.026,
1901-10-01,-0.31,,-0.774,,0.227,,0.224,
1901-11-01,-0.39,,-0.741,,0.074,,0.353,
1901-12-01,-0.35,,-0.681,,0.327,,0.414,
1902-01-01,-0.5,,-0.473,,1.098,,0.275,
1902-02-01,-0.26,,-0.453,,0.44,,0.433,
1902-03-01,-0.27,,-0.251,,0.3,,0.405,
1902-04-01,0.2,,0.051,,0.382,,1.114,
1902-05-01,0.47,,-0.042,,1.002,,1.062,
1902-06-01,0.77,,-0.09,,1.967,,1.466,
1902-07-01,1.44,,-0.07,,2.492,,1.807,
1902-08-01,1.21,,0.333,,1.593,,1.499,
1902-09-01,1.44,,0.209,,0.965,,1.38,
1902-10-01,1.4,,-0.238,,1.035,,1.621,
1902-11-01,1.54,,-0.047,,0.465,,1.633,
1902-12-01,1.39,,-0.266,,0.227,,1.282,
1903-01-01,1.33,,-0.479,,-0.038,,1.269,
1903-02-01,0.93,,-0.571,,0.116,,0.885,
1903-03-01,0.79,,-0.364,,-0.135,,1.015,
1903-04-01,0.36,,-0.628,,-0.934,,0.537,
1903-05-01,-0.1,,-0.267,,-0.403,,0.409,
1903-06-01,0.29,,-0.335,,-0.063,,0.722,
1903-07-01,-0.49,,-0.614,,1.302,,0.348,
1903-08-01,-0.32,,-0.452,,1.152,,0.465,
1903-09-01,-0.6,,-0.69,,0.601,,0.318,
1903-10-01,-0.42,,-1.036,,0.466,,-0.146,
1903-11-01,-0.76,,-0.628,,-0.187,,-0.338,
1903-12-01,-1.02,,-0.441,,-0.017,,-0.176,
1904-01-01,-0.73,,-0.219,,0.915,,-0.343,
1904-02-01,-0.79,,-0.234,,0.262,,-0.368,
1904-03-01,-0.85,,-0.219,,0.55,,-0.227,
1904-04-01,-0.72,,-0.029,,0.108,,-0.152,
1904-05-01,-0.4,,-0.258,,0.339,,0.047,
1904-06-01,0.14,,-0.286,,-0.123,,0.531,
1904-07-01,0.75,,-0.287,,0.056,,0.863,
1904-08-01,0.54,,-0.413,,1.556,,1.045,
1904-09-01,0.01,,-0.678,,1.992,,0.642,
1904-10-01,0.91,,-0.237,,1.767,,1.003,
1904-11-01,0.15,,-0.353,,1.659,,0.713,
1904-12-01,0.86,,-0.644,,2.808,,1.311,
1905-01-01,0.68,0.03603305785123967,-0.601,-0.4680826446280992,2.479,0.47011570247933887,1.126,0.4013801652892562
1905-02-01,0.72,0.019090909090909096,-0.372,-0.465603305785124,1.301,0.45302479338842977,1.209,0.3843884297520661
1905-03-01,0.92,0.0019008264462809952,-0.472,-0.4672231404958678,0.584,0.4418347107438016,1.486,0.3686363636363636
1905-04-01,0.29,-0.015950413223140492,-0.468,-0.46664462809917356,1.684,0.41906611570247937,0.985,0.3519338842975207
1905-05-01,1.08,-0.033057851239669415,-0.205,-0.468396694214876,1.252,0.38716528925619836,1.52,0.3347768595041323
1905-06-01,0.59,-0.046115702479338834,-0.447,-0.47088429752066113,1.393,0.37369421487603305,1.173,0.3190247933884297
1905-07-01,0.82,-0.0596694214876033,-0.275,-0.479099173553719,2.093,0.36513223140495865,1.228,0.3052066115702479
1905-08-01,1.04,-0.07330578512396693,-0.22,-0.4832479338842975,2.066,0.3527438016528926,1.698,0.28939669421487607
1905-09-01,1.42,-0.09041322314049588,0.024,-0.4876446280991736,1.798,0.3486776859504132,1.573,0.27183471074380167
1905-10-01,1.12,-0.1028099173553719,-0.462,-0.49190082644628097,-0.218,0.3426776859504132,1.249,0.25769421487603306
1905-11-01,0.83,-0.11066115702479337,-0.436,-0.4939917355371901,0.565,0.3364380165289256,1.399,0.248396694214876
1905-12-01,1.17,-0.11710743801652893,-0.56,-0.4948181818181818,-0.99,0.33022314049586776,1.167,0.24174380165289255
1906-01-01,0.89,-0.12677685950413223,-0.605,-0.4911900826446281,1.175,0.32038016528925617,1.089,0.2302892561983471
1906-02-01,0.67,-0.1383471074380165,-0.485,-0.4907438016528926,1.218,0.3015785123966942,1.041,0.22047933884297521
1906-03-01,0.8,-0.14752066115702478,-0.51,-0.48964462809917353,0.566,0.2856280991735537,1.278,0.21226446280991737
1906-04-01,0.45,-0.1571074380165289,-0.788,-0.4898429752066116,0.512,0.28315702479338845,1.055,0.2029090909090909
1906-05-01,0.02,-0.1647107438016529,-0.425,-0.489198347107438,1.274,0.28131404958677686,0.703,0.19447933884297522
1906-06-01,0.15,-0.16842975206611568,-0.39,-0.49135537190082645,0.719,0.27873553719008265,0.48,0.19008264462809918
1906-07-01,-0.49,-0.168099173553719,-0.986,-0.49264462809917353,1.331,0.28459504132231406,-0.14,0.1890495867768595
1906-08-01,-0.37,-0.16793388429752065,-1.085,-0.491595041322314,0.919,0.2951570247933884,-0.208,0.1850413223140496
1906-09-01,-0.81,-0.16297520661157025,-1.634,-0.4892727272727273,0.188,0.2983140495867769,-0.881,0.18460330578512396
1906-10-01,-0.87,-0.1588429752066116,-1.012,-0.486297520661157,1.005,0.2966694214876033,-0.586,0.18544628099173555
1906-11-01,-0.33,-0.14933884297520658,-0.794,-0.48179338842975206,0.629,0.29207438016528925,0.323,0.19119834710743802
1906-12-01,-0.51,-0.1381818181818182,-0.349,-0.47693388429752065,-0.577,0.28437190082644626,-0.062,0.19770247933884297
1907-01-01,-0.57,-0.12247933884297521,-0.37,-0.47338842975206613,-0.65,0.2791900826446281,-0.39,0.20479338842975203
1907-02-01,-0.41,-0.11148760330578512,-0.185,-0.4719752066115703,-0.477,0.27084297520661155,-0.028,0.20993388429752066
1907-03-01,-0.43,-0.10363636363636364,-0.051,-0.4686611570247934,-1.773,0.2655702479338843,-0.166,0.21203305785123966
1907-04-01,-0.56,-0.09661157024793388,-0.367,-0.4687107438016529,-1.206,0.26087603305785123,-0.284,0.21502479338842972
1907-05-01,-0.47,-0.09826446280991737,-0.308,-0.46963636363636363,0.446,0.2578099173553719,-0.057,0.20809090909090908
1907-06-01,-0.41,-0.10413223140495866,-0.345,-0.46931404958677686,0.747,0.2526198347107438,0.217,0.20133884297520663
1907-07-01,-0.55,-0.11132231404958678,-0.602,-0.47412396694214876,0.642,0.23883471074380166,0.069,0.1915371900826446
1907-08-01,-0.65,-0.1265289256198347,-0.933,-0.47988429752066114,-0.044,0.22256198347107436,-0.179,0.17768595041322313
1907-09-01,0.13,-0.13578512396694215,-0.526,-0.48862809917355376,1.103,0.21923140495867768,0.23,0.16813223140495867
1907-10-01,-0.25,-0.14876033057851237,-0.403,-0.4953884297520661,1.905,0.21696694214876033,0.047,0.15692561983471073
1907-11-01,-0.25,-0.15900826446280994,-0.388,-0.4994876033057851,1.597,0.20934710743801652,0.089,0.14662809917355374
1907-12-01,-0.09,-0.17578512396694215,-0.221,-0.5032479338842976,1.588,0.20331404958677685,0.15,0.13245454545454546
1908-01-01,-0.27,-0.18892561983471073,-0.392,-0.5030082644628099,1.259,0.19892561983471074,0.044,0.12204958677685951
1908-02-01,0.07,-0.19842975206611568,-0.35,-0.5001735537190083,1.196,0.20098347107438017,0.32,0.11781818181818182
1908-03-01,-0.63,-0.20479338842975203,-0.251,-0.4965702479338843,0.281,0.19930578512396693,0.16,0.11522314049586777
1908-04-01,-0.55,-0.21768595041322314,-0.789,-0.49576033057851243,-0.008,0.19623966942148757,-0.116,0.10284297520661156
1908-05-01,-0.45,-0.22297520661157025,-0.229,-0.49211570247933883,0.148,0.2056198347107438,0.052,0.09767768595041323
1908-06-01,-0.22,-0.22347107438016528,0.041,-0.48907438016528926,0.211,0.21000826446280993,0.179,0.09694214876033058
1908-07-01,-0.63,-0.2271074380165289,-0.598,-0.489099173553719,0.293,0.2166694214876033,-0.235,0.09235537190082645
1908-08-01,-0.4,-0.22380165289256196,-0.46,-0.4880082644628099,-0.213,0.21587603305785125,-0.501,0.09074380165289254
1908-09-01,-0.52,-0.22074380165289256,-0.318,-0.48814049586776864,0.816,0.21360330578512396,-0.37,0.08875206611570247
1908-10-01,-0.5,-0.2155371900826446,-0.468,-0.48355371900826444,1.114,0.21373553719008265,-0.373,0.09077685950413224
1908-11-01,-0.88,-0.20545454545454545,-0.508,-0.4769752066115702,1.581,0.21405785123966942,-0.679,0.09956198347107438
1908-12-01,-1.15,-0.19214876033057848,-0.582,-0.4738347107438016,0.829,0.21593388429752067,-0.606,0.11021487603305785
1909-01-01,-0.29,-0.17793388429752063,-0.732,-0.47257024793388436,0.316,0.214297520661157,0.24,0.11945454545454547
1909-02-01,-0.88,-0.16528925619834708,-0.501,-0.4721818181818182,0.542,0.20651239669421487,-0.485,0.1295702479338843
1909-03-01,-0.54,-0.15611570247933884,-0.559,-0.47316528925619833,0.664,0.20677685950413222,-0.065,0.13868595041322312
1909-04-01,-0.68,-0.14338842975206612,-0.444,-0.47332231404958675,0.127,0.21006611570247932,-0.49,0.1479586776859504
1909-05-01,-0.36,-0.13735537190082642,-0.802,-0.47395867768595046,-0.309,0.21502479338842975,-0.05,0.1514380165289256
1909-06-01,-1.1,-0.1333884297520661,-0.917,-0.46724793388429753,-0.696,0.2075123966942149,-0.694,0.15227272727272728
1909-07-01,-1.0,-0.13016528925619836,-1.032,-0.46404132231404954,-1.218,0.20530578512396694,-0.579,0.15016528925619835
1909-08-01,-0.97,-0.1287603305785124,-0.986,-0.4618677685950413,-2.06,0.2027685950413223,-0.94,0.15017355371900826
1909-09-01,-0.85,-0.12760330578512394,-0.919,-0.459,-1.825,0.18697520661157024,-1.055,0.14709090909090908
1909-10-01,-1.24,-0.12553719008264463,-0.729,-0.4538677685950413,-1.213,0.16938016528925617,-1.217,0.14361157024793386
1909-11-01,-1.5,-0.1305785123966942,-0.424,-0.45652066115702483,-1.438,0.15578512396694214,-1.334,0.13772727272727273
1909-12-01,-1.08,-0.12619834710743802,-0.256,-0.45948760330578514,-2.131,0.14282644628099173,-0.933,0.1385289256198347
1910-01-01,-0.93,-0.12603305785123967,-0.551,-0.4593719008264463,-1.58,0.11633884297520661,-1.067,0.13642975206611568
1910-02-01,-0.64,-0.1262809917355372,-0.169,-0.46009090909090916,-1.159,0.09348760330578512,-0.505,0.13474380165289254
1910-03-01,-0.79,-0.12818181818181817,-0.489,-0.46034710743801655,-0.959,0.08751239669421486,-0.54,0.13286776859504132
1910-04-01,-1.17,-0.13190082644628098,-0.394,-0.45876033057851245,-1.958,0.09466942148760331,-0.772,0.1278429752066116
1910-05-01,-1.41,-0.13,-0.531,-0.45898347107438014,-2.125,0.09447933884297521,-1.08,0.12726446280991735
1910-06-01,-1.04,-0.12983471074380165,-0.46,-0.4589586776859504,-0.354,0.09739669421487604,-1.051,0.12560330578512396
1910-07-01,-0.88,-0.13413223140495867,-1.036,-0.46108264462809917,-0.033,0.09912396694214876,-0.695,0.11889256198347106
1910-08-01,-0.9,-0.14049586776859505,-0.821,-0.4624462809917355,-0.494,0.0903388429752066,-0.894,0.10885123966942148
1910-09-01,-1.29,-0.14768595041322316,-1.022,-0.4637438016528926,0.754,0.07809917355371901,-1.229,0.09388429752066116
1910-10-01,-0.94,-0.15743801652892558,-1.053,-0.4665537190082645,-0.956,0.057231404958677685,-0.973,0.0804793388429752
1910-11-01,-0.53,-0.16793388429752065,-0.682,-0.46461157024793387,-0.633,0.05022314049586777,-0.518,0.06867768595041322
1910-12-01,-0.64,-0.17669421487603304,-0.296,-0.46122314049586777,-0.095,0.04025619834710743,-0.37,0.05665289256198347
1911-01-01,-0.57,-0.18735537190082643,-0.194,-0.4576694214876033,-0.54,0.03923140495867768,-0.26,0.04799173553719008
1911-02-01,-0.58,-0.19975206611570245,-0.486,-0.4529173553719008,-1.129,0.02029752066115702,-0.282,0.036
1911-03-01,-0.82,-0.20975206611570246,-0.735,-0.4484297520661157,-1.259,0.0024545454545454493,-0.369,0.02575206611570248
1911-04-01,-1.11,-0.22157024793388427,-0.744,-0.44307438016528927,-0.616,-0.005024793388429757,-0.68,0.013140495867768593
1911-05-01,-1.05,-0.22719008264462812,-0.436,-0.43785123966942147,-0.66,-0.010942148760330582,-0.815,0.00431404958677686
1911-06-01,-0.64,-0.2303305785123967,-0.814,-0.4376280991735537,-1.346,-0.031016528925619843,-0.502,-0.0025041322314049586
1911-07-01,-0.22,-0.24074380165289255,-0.774,-0.44007438016528927,-0.363,-0.04627272727272727,-0.138,-0.014487603305785123
1911-08-01,-0.28,-0.24892561983471076,-0.586,-0.43896694214876036,0.14,-0.07023140495867769,-0.292,-0.02503305785123967
1911-09-01,0.22,-0.2571074380165289,-0.544,-0.44047933884297524,-0.084,-0.09002479338842975,0.126,-0.03495867768595041
1911-10-01,0.2,-0.26165289256198343,-0.669,-0.43499173553719006,-0.107,-0.10357851239669422,0.128,-0.03843801652892562
1911-11-01,0.84,-0.2686776859504132,-0.229,-0.4324628099173554,-0.329,-0.12976859504132232,0.92,-0.04601652892561983
1911-12-01,0.96,-0.27950413223140497,-0.153,-0.4282148760330579,-0.858,-0.15376033057851243,1.14,-0.05847933884297521
1912-01-01,1.55,-0.28818181818181815,-0.252,-0.4255785123966942,-0.3,-0.16299999999999998,1.272,-0.06695041322314049
1912-02-01,0.83,-0.29338842975206614,-0.302,-0.42290082644628096,0.088,-0.17104958677685952,0.897,-0.0705785123966942
1912-03-01,0.69,-0.29528925619834706,-0.052,-0.4221322314049587,-0.198,-0.1819338842975207,0.687,-0.07528099173553719
1912-04-01,0.58,-0.2941322314049587,-0.257,-0.4236611570247934,-0.268,-0.1804297520661157,0.767,-0.0777603305785124
1912-05-01,0.0,-0.29198347107438016,-0.061,-0.42400000000000004,0.011,-0.17944628099173554,0.275,-0.07948760330578512
1912-06-01,-0.24,-0.2884297520661157,-0.003,-0.4242727272727273,0.374,-0.19054545454545455,0.245,-0.08193388429752066
1912-07-01,-0.1,-0.28545454545454546,-0.672,-0.426305785123967,0.299,-0.20093388429752065,0.28,-0.08429752066115703
1912-08-01,-0.4,-0.27966942148760326,-0.767,-0.4249256198347107,0.523,-0.2080495867768595,0.131,-0.08623966942148759
1912-09-01,0.09,-0.27454545454545454,-0.725,-0.4244214876033058,1.19,-0.21344628099173552,0.343,-0.08806611570247933
1912-10-01,-0.13,-0.2752892561983471,-0.609,-0.42886776859504133,0.691,-0.23210743801652894,0.024,-0.09237190082644628
1912-11-01,0.16,-0.2767768595041322,-0.734,-0.4329504132231405,0.113,-0.2555785123966942,0.375,-0.09635537190082645
1912-12-01,-0.49,-0.2806611570247934,-0.502,-0.43528099173553714,-0.265,-0.273603305785124,-0.082,-0.10203305785123967
1913-01-01,-0.2,-0.28685950413223144,-0.237,-0.4333471074380165,-0.304,-0.2854628099173554,0.023,-0.10763636363636363
1913-02-01,0.18,-0.291404958677686,-0.136,-0.4289917355371901,0.211,-0.29758677685950413,0.757,-0.11212396694214877
1913-03-01,0.16,-0.2999173553719009,-0.135,-0.42521487603305785,-0.087,-0.31346280991735537,0.571,-0.11860330578512397
1913-04-01,-0.77,-0.2993388429752066,-0.266,-0.4255702479338843,-0.506,-0.320793388429752,-0.483,-0.12203305785123968
1913-05-01,-0.28,-0.296198347107438,-0.187,-0.4225289256198347,0.201,-0.32701652892561983,-0.088,-0.11987603305785124
1913-06-01,-0.16,-0.2894214876033058,0.101,-0.4223140495867769,0.128,-0.33157851239669417,0.32,-0.11415702479338843
1913-07-01,-0.15,-0.2881818181818182,-0.338,-0.42371900826446285,0.743,-0.33277685950413227,0.167,-0.11126446280991736
1913-08-01,-0.09,-0.28198347107438015,-0.482,-0.4194214876033058,1.206,-0.33278512396694215,0.153,-0.10376033057851239
1913-09-01,0.05,-0.2752892561983471,-0.468,-0.4156198347107439,0.877,-0.3257107438016529,0.224,-0.09214049586776858
1913-10-01,0.03,-0.2633057851239669,-0.135,-0.41173553719008266,0.617,-0.3208264462809917,0.563,-0.07792561983471075
1913-11-01,0.8,-0.24900826446280994,-0.24,-0.40625619834710747,0.505,-0.31992561983471074,0.917,-0.0630495867768595
1913-12-01,0.85,-0.23099173553719007,-0.248,-0.4015867768595041,0.04,-0.32998347107438014,0.951,-0.0452892561983471
1914-01-01,0.7,-0.20826446280991734,-0.288,-0.397,-0.215,-0.3339090909090909,0.942,-0.026363636363636363
1914-02-01,0.8,-0.19561983471074382,-0.172,-0.3919173553719008,-0.027,-0.33659504132231405,0.881,-0.019123966942148758
1914-03-01,0.32,-0.18090909090909088,-0.353,-0.39000826446280995,0.294,-0.34417355371900826,0.735,-0.00808264462809917
1914-04-01,0.69,-0.17074380165289257,-0.238,-0.38875206611570245,0.948,-0.35292561983471077,0.895,-0.0003388429752066082
1914-05-01,0.01,-0.1599173553719008,-0.106,-0.3883801652892562,0.708,-0.3608677685950413,0.269,0.01210743801652893
1914-06-01,0.08,-0.15190082644628097,0.554,-0.38469421487603306,-0.57,-0.3683636363636364,0.148,0.02007438016528926
1914-07-01,0.53,-0.13950413223140495,0.102,-0.37857024793388433,-0.39,-0.3732396694214877,0.276,0.03227272727272728
1914-08-01,0.92,-0.12611570247933884,-0.024,-0.3726776859504132,-0.251,-0.36687603305785127,0.864,0.044099173553719014
1914-09-01,0.68,-0.11396694214876033,-0.066,-0.3663471074380166,-0.355,-0.34890082644628095,0.672,0.0579504132231405
1914-10-01,0.26,-0.10586776859504132,-0.057,-0.36163636363636364,-0.137,-0.3347438016528926,0.221,0.0703801652892562
1914-11-01,0.3,-0.09867768595041322,-0.558,-0.35777685950413224,0.122,-0.3294214876033058,0.291,0.08065289256198348
1914-12-01,0.68,-0.08347107438016528,-0.712,-0.3576280991735537,0.091,-0.3212396694214876,0.81,0.09750413223140496
1915-01-01,0.88,-0.06925619834710743,-0.63,-0.35537190082644626,-0.397,-0.31262809917355366,1.057,0.11250413223140496
1915-02-01,0.65,-0.05661157024793388,-0.688,-0.35036363636363643,-0.286,-0.3052314049586777,0.922,0.12690909090909092
1915-03-01,0.49,-0.046942148760330565,-0.403,-0.3478181818181818,0.578,-0.30037190082644627,0.982,0.13443801652892562
1915-04-01,0.47,-0.04173553719008263,-0.28,-0.34329752066115704,1.45,-0.29918181818181816,0.878,0.1399586776859504
1915-05-01,0.52,-0.03380165289256198,-0.495,-0.3378099173553719,1.661,-0.2874462809917355,0.915,0.1492314049586777
1915-06-01,1.1,-0.019752066115702478,-0.202,-0.333900826446281,1.605,-0.2758842975206611,1.319,0.16068595041322314
1915-07-01,0.07,-0.009917355371900822,-0.704,-0.33497520661157026,1.602,-0.28020661157024795,0.361,0.1707107438016529
1915-08-01,0.05,-0.0015702479338842931,-0.44,-0.33138016528925623,1.03,-0.2906446280991736,0.013,0.17667768595041322
1915-09-01,0.17,0.008099173553719013,-0.377,-0.32962809917355373,0.585,-0.2980330578512396,-0.113,0.18321487603305786
1915-10-01,0.24,0.02272727272727273,-0.316,-0.3248677685950413,-0.727,-0.31380165289256196,-0.049,0.1925785123966942
1915-11-01,-0.15,0.029834710743801656,-0.227,-0.3209338842975206,-1.066,-0.30983471074380164,-0.179,0.19967768595041321
1915-12-01,-0.23,0.034132231404958684,-0.026,-0.31850413223140495,-0.641,-0.3098760330578512,-0.056,0.20437190082644627
1916-01-01,-0.12,0.04297520661157025,-0.13,-0.31850413223140495,-1.114,-0.3175289256198347,0.119,0.20997520661157024
1916-02-01,-0.61,0.043388429752066124,-0.03,-0.3182644628099174,-1.116,-0.32378512396694215,-0.362,0.21115702479338844
1916-03-01,-0.54,0.03644628099173554,0.058,-0.3149173553719008,-0.941,-0.3201322314049587,-0.199,0.20714876033057852
1916-04-01,-0.63,0.038677685950413224,0.138,-0.3104049586776859,-0.339,-0.32178512396694214,-0.248,0.2085537190082645
1916-05-01,-0.23,0.040247933884297524,-0.156,-0.3045950413223141,-0.204,-0.3270826446280992,-0.013,0.2094214876033058
1916-06-01,-0.36,0.0471900826446281,-0.398,-0.3027603305785124,-1.155,-0.3297768595041322,-0.122,0.21316528925619835
1916-07-01,-1.11,0.050247933884297526,-0.686,-0.2996776859504132,-1.127,-0.3275454545454546,-0.97,0.21369421487603307
1916-08-01,-1.48,0.04966942148760331,-0.852,-0.3009834710743801,-1.568,-0.3347520661157025,-1.416,0.2128925619834711
1916-09-01,-1.36,0.050578512396694225,-1.268,-0.3006694214876033,-1.476,-0.3449834710743802,-1.409,0.21223966942148761
1916-10-01,-1.36,0.049090909090909095,-0.97,-0.3000909090909091,-1.452,-0.3539090909090909,-1.302,0.2098099173553719
1916-11-01,-1.72,0.038925619834710753,-0.706,-0.2985619834710744,-2.164,-0.3576694214876033,-1.503,0.20430578512396694
1916-12-01,-1.64,0.027851239669421487,-0.28,-0.29982644628099175,-2.274,-0.3557520661157025,-1.185,0.19582644628099177
1917-01-01,-1.56,0.015454545454545457,-0.03,-0.30171900826446285,-1.695,-0.35014049586776863,-1.087,0.18487603305785125
1917-02-01,-1.2,0.0020661157024793393,-0.046,-0.30125619834710743,-1.624,-0.35612396694214876,-0.829,0.1757685950413223
1917-03-01,-0.64,-0.004132231404958676,-0.092,-0.2981074380165289,-1.794,-0.3673471074380165,-0.597,0.17090082644628102
1917-04-01,-0.29,-0.014297520661157024,-0.236,-0.30090082644628097,-1.591,-0.37750413223140494,-0.466,0.16545454545454544
1917-05-01,-0.3,-0.01727272727272727,-0.408,-0.3018842975206612,-1.087,-0.3871570247933884,-0.493,0.16143801652892562
1917-06-01,-0.04,-0.020909090909090912,-0.341,-0.3019421487603306,-0.897,-0.39429752066115703,-0.353,0.15598347107438018
1917-07-01,-0.05,-0.02256198347107438,-0.591,-0.3064462809917356,-0.51,-0.40087603305785124,-0.069,0.1518925619834711
1917-08-01,0.15,-0.02818181818181818,-0.435,-0.30432231404958676,-0.219,-0.40413223140495874,-0.166,0.1447520661157025
1917-09-01,-0.03,-0.028016528925619833,-0.872,-0.3022066115702479,-0.697,-0.4096942148760331,-0.4,0.1414710743801653
1917-10-01,0.04,-0.030909090909090907,-1.064,-0.30058677685950413,-1.155,-0.4199669421487603,-0.291,0.1366611570247934
1917-11-01,-0.43,-0.03239669421487603,-0.897,-0.30007438016528926,-0.935,-0.42966942148760334,-0.435,0.13411570247933885
1917-12-01,-0.72,-0.038099173553719,-0.67,-0.2965206611570248,-0.584,-0.4289504132231405,-0.598,0.12758677685950415
1918-01-01,-0.84,-0.037438016528925616,0.013,-0.29405785123966943,0.153,-0.42593388429752066,-0.528,0.12719834710743802
1918-02-01,-0.82,-0.04206611570247934,0.135,-0.29551239669421486,-0.208,-0.4288595041322314,-0.499,0.1255619834710744
1918-03-01,-0.96,-0.05057851239669422,0.107,-0.2967190082644628,-0.725,-0.43709090909090914,-0.464,0.1172396694214876
1918-04-01,-0.56,-0.05644628099173553,-0.294,-0.2975785123966942,-0.606,-0.4388595041322314,-0.255,0.11358677685950413
1918-05-01,-0.17,-0.05214876033057851,-0.421,-0.2979504132231405,-0.761,-0.4317024793388429,0.145,0.11794214876033059
1918-06-01,0.37,-0.05107438016528926,-0.203,-0.29724793388429754,-0.404,-0.43997520661157025,0.744,0.11984297520661158
1918-07-01,-0.07,-0.05140495867768595,-0.129,-0.3014132231404959,0.066,-0.4361404958677686,0.529,0.11857024793388429
1918-08-01,0.12,-0.04851239669421488,-0.078,-0.2986280991735537,0.292,-0.43950413223140494,0.673,0.11968595041322314
1918-09-01,0.41,-0.0424793388429752,-0.0,-0.29265289256198346,0.643,-0.4489504132231405,0.905,0.12290082644628102
1918-10-01,0.93,-0.03636363636363636,0.152,-0.286504132231405,1.407,-0.45298347107438014,1.35,0.12814876033057854
1918-11-01,1.23,-0.029421487603305787,0.195,-0.28168595041322314,1.223,-0.4591900826446281,1.427,0.13183471074380165
1918-12-01,1.3,-0.02760330578512396,0.057,-0.28137190082644625,0.364,-0.4654462809917356,1.47,0.1297107438016529
1919-01-01,1.6,-0.03082644628099173,-0.027,-0.2829090909090909,0.354,-0.4719090909090909,1.684,0.12177685950413224
1919-02-01,1.24,-0.031404958677685946,-0.117,-0.28546280991735534,-0.009,-0.47675206611570253,1.116,0.11744628099173554
1919-03-01,0.9,-0.03479338842975206,-0.27,-0.2875785123966942,-0.375,-0.4801900826446281,0.851,0.11075206611570249
1919-04-01,0.69,-0.03760330578512396,-0.407,-0.2868677685950413,-0.395,-0.4895206611570248,0.872,0.10376033057851239
1919-05-01,0.63,-0.050330578512396695,-0.399,-0.2883305785123967,-0.834,-0.4984462809917355,1.016,0.0912809917355372
1919-06-01,0.61,-0.05595041322314049,-0.356,-0.2911487603305785,-1.216,-0.5050413223140496,0.914,0.08614876033057853
1919-07-01,0.4,-0.0647107438016529,-0.176,-0.29899173553719005,-1.286,-0.5037107438016529,0.782,0.07967768595041323
1919-08-01,0.62,-0.07553719008264462,-0.319,-0.3032892561983471,-0.448,-0.5068595041322314,0.852,0.0709504132231405
1919-09-01,0.5,-0.09024793388429753,-0.22,-0.30847933884297524,0.115,-0.5154462809917355,0.736,0.05885123966942149
1919-10-01,0.13,-0.0996694214876033,-0.349,-0.3096611570247934,-0.112,-0.5270165289256199,0.449,0.050247933884297526
1919-11-01,-0.37,-0.11082644628099174,-0.262,-0.31257024793388427,-0.569,-0.5373966942148761,0.026,0.04365289256198348
1919-12-01,0.34,-0.11876033057851239,-0.406,-0.31097520661157024,-0.448,-0.5428842975206613,0.705,0.03972727272727273
1920-01-01,0.64,-0.13289256198347105,0.017,-0.3077107438016529,-1.089,-0.553297520661157,0.882,0.028719008264462813
1920-02-01,0.6,-0.1440495867768595,0.055,-0.30273553719008267,-0.685,-0.5570909090909091,0.676,0.02110743801652893
1920-03-01,0.53,-0.15380165289256198,0.139,-0.29711570247933883,-0.571,-0.560801652892562,0.406,0.014123966942148767
1920-04-01,-0.16,-0.16214876033057848,0.058,-0.28980165289256193,-0.815,-0.5739421487603306,0.128,0.008099173553719016
1920-05-01,-0.21,-0.16933884297520663,0.27,-0.28784297520661156,-0.538,-0.5895702479338842,0.35,6.7668552120748176e-18
1920-06-01,0.29,-0.17512396694214877,-0.058,-0.2830826446280992,-0.726,-0.6096198347107438,0.306,-0.009710743801652887
1920-07-01,0.15,-0.18008264462809917,-0.59,-0.2827933884297521,-0.877,-0.6256115702479339,0.162,-0.01638842975206611
1920-08-01,0.13,-0.1750413223140496,-0.601,-0.277305785123967,-1.296,-0.639900826446281,0.027,-0.014603305785123963
1920-09-01,0.27,-0.1690909090909091,-0.609,-0.27045454545454545,-1.388,-0.6447355371900827,-0.103,-0.00804132231404958
1920-10-01,0.48,-0.1634710743801653,-0.446,-0.2664876033057851,-1.154,-0.6448429752066115,-0.096,0.001148760330578519
1920-11-01,-0.08,-0.15719008264462808,-0.577,-0.26290082644628104,-0.476,-0.6310413223140495,-0.114,0.012595041322314057
1920-12-01,-0.01,-0.14272727272727273,-0.388,-0.2622809917355372,-0.638,-0.6167603305785124,0.05,0.027099173553719016
1921-01-01,0.43,-0.12826446280991738,-0.296,-0.26209917355371903,-1.021,-0.6042479338842975,0.308,0.04019008264462811
1921-02-01,-0.52,-0.11661157024793388,-0.165,-0.2639917355371901,-1.297,-0.5861157024793389,-0.117,0.05222314049586778
1921-03-01,-1.42,-0.10173553719008264,-0.081,-0.26408264462809916,-0.687,-0.5673388429752065,-0.767,0.06791735537190084
1921-04-01,-0.55,-0.08892561983471074,-0.189,-0.266603305785124,-1.459,-0.5449669421487602,-0.199,0.07947933884297521
1921-05-01,-0.92,-0.07685950413223142,-0.041,-0.2684462809917355,-1.257,-0.5239090909090909,-0.575,0.09119834710743802
1921-06-01,-0.21,-0.06991735537190083,-0.214,-0.2659421487603306,-0.986,-0.5096776859504132,-0.362,0.0995702479338843
1921-07-01,-0.27,-0.06173553719008265,-0.441,-0.2645619834710744,-1.076,-0.4827603305785124,-0.438,0.10715702479338844
1921-08-01,-0.29,-0.051322314049586766,-0.932,-0.25894214876033056,-1.235,-0.4585867768595041,-0.235,0.11735537190082646
1921-09-01,-0.17,-0.0396694214876033,-0.548,-0.2552479338842975,-1.098,-0.4321404958677686,-0.371,0.13037190082644629
1921-10-01,0.04,-0.03165289256198347,-0.474,-0.2457190082644628,-1.164,-0.4069752066115703,-0.168,0.1416115702479339
1921-11-01,-1.03,-0.02264462809917355,-0.484,-0.2417520661157025,-0.562,-0.37825619834710744,-0.538,0.15537190082644628
1921-12-01,-0.5,-0.010330578512396693,-0.382,-0.239404958677686,-0.097,-0.34688429752066113,-0.106,0.1724132231404959
1922-01-01,-0.54,0.0040495867768595055,-0.382,-0.23875206611570246,-0.179,-0.32219834710743805,-0.185,0.1879917355371901
1922-02-01,-0.07,0.018842975206611573,-0.196,-0.23815702479338843,-1.024,-0.29881818181818187,0.17,0.20329752066115703
1922-03-01,0.08,0.027272727272727275,0.079,-0.23944628099173554,-1.27,-0.27898347107438015,0.308,0.21252892561983472
1922-04-01,-0.54,0.030330578512396695,-0.39,-0.24197520661157024,-1.427,-0.2628099173553719,0.028,0.22044628099173555
1922-05-01,0.22,0.027851239669421487,-0.376,-0.2421404958677686,-1.436,-0.24852892561983472,0.281,0.2222314049586777
1922-06-01,-0.44,0.02909090909090909,-0.068,-0.24015702479338844,-0.853,-0.23553719008264462,-0.385,0.22786776859504135
1922-07-01,-0.44,0.026859504132231406,-0.548,-0.2420909090909091,-0.422,-0.22953719008264464,-0.25,0.22860330578512397
1922-08-01,-0.78,0.026528925619834713,-0.415,-0.24225619834710746,-0.095,-0.22740495867768595,-0.584,0.22773553719008266
1922-09-01,-0.38,0.023966942148760332,-0.511,-0.2441487603305785,-0.15,-0.223396694214876,-0.266,0.22899173553719007
1922-10-01,-0.26,0.02644628099173554,-0.529,-0.24191735537190082,-0.053,-0.22141322314049586,-0.239,0.23349586776859504
1922-11-01,-0.31,0.025785123966942148,-0.547,-0.23549586776859502,-0.483,-0.21422314049586777,-0.284,0.23720661157024794
1922-12-01,-0.53,0.03140495867768595,-0.304,-0.23120661157024794,0.2,-0.20847933884297523,-0.415,0.2435785123966942
1923-01-01,-0.41,0.04123966942148761,-0.204,-0.22878512396694214,0.1,-0.2013223140495868,-0.129,0.2546611570247934
1923-02-01,-0.76,0.049917355371900826,-0.413,-0.23186776859504132,-0.658,-0.1979917355371901,-0.175,0.2636694214876033
1923-03-01,-0.85,0.054710743801652896,-0.282,-0.23527272727272727,-0.785,-0.1895371900826446,-0.25,0.27015702479338843
1923-04-01,-0.55,0.06082644628099173,-0.239,-0.23874380165289258,-0.301,-0.179198347107438,0.129,0.27612396694214875
1923-05-01,-0.25,0.06512396694214875,-0.311,-0.23852892561983471,0.36,-0.16878512396694215,0.044,0.2809834710743802
1923-06-01,-0.15,0.06438016528925619,-0.102,-0.23889256198347109,-0.8,-0.15392561983471073,0.142,0.2805867768595041
1923-07-01,-0.2,0.06148760330578513,-0.403,-0.242504132231405,0.592,-0.15297520661157024,0.166,0.2755371900826446
1923-08-01,0.2,0.05975206611570248,-0.001,-0.24880165289256198,0.336,-0.15720661157024793,0.302,0.27061983471074386
1923-09-01,0.64,0.05768595041322314,0.241,-0.25534710743801653,0.063,-0.16972727272727273,0.542,0.2630413223140496
1923-10-01,0.79,0.05330578512396694,0.276,-0.261404958677686,0.389,-0.18139669421487606,0.859,0.2546611570247934
1923-11-01,0.87,0.044214876033057855,0.448,-0.26436363636363636,-0.134,-0.19134710743801656,1.009,0.24351239669421487
1923-12-01,1.02,0.033801652892561984,-0.202,-0.26904958677685953,-0.252,-0.19825619834710745,0.66,0.23105785123966943
1924-01-01,0.46,0.02181818181818182,-0.434,-0.2718677685950413,-0.742,-0.19716528925619833,-0.009,0.21763636363636363
1924-02-01,0.63,0.007933884297520661,-0.597,-0.2746363636363636,-0.801,-0.19982644628099172,0.418,0.20372727272727276
1924-03-01,0.39,-0.003553719008264462,-0.428,-0.2756363636363637,-0.443,-0.20017355371900827,0.071,0.19492561983471077
1924-04-01,-0.02,-0.012231404958677684,-0.267,-0.27523966942148764,-0.835,-0.19479338842975208,-0.111,0.18968595041322311
1924-05-01,-0.85,-0.019338842975206612,-0.415,-0.2748595041322314,-0.132,-0.18866942148760332,-0.615,0.1846115702479339
1924-06-01,-0.67,-0.02347107438016529,-0.447,-0.2735950413223141,-0.09,-0.1791818181818182,-0.352,0.17791735537190084
1924-07-01,-0.98,-0.02867768595041322,-0.395,-0.2738595041322314,-0.409,-0.16868595041322312,-0.635,0.17299173553719008
1924-08-01,-0.78,-0.03115702479338843,-0.418,-0.2764297520661157,-0.771,-0.15717355371900826,-0.78,0.16876033057851242
1924-09-01,-0.86,-0.033801652892561984,-0.652,-0.2763140495867769,-1.29,-0.14593388429752066,-0.6,0.16661157024793388
1924-10-01,-0.46,-0.034628099173553716,-0.209,-0.27743801652892564,-1.755,-0.13899173553719008,-0.369,0.16357851239669421
1924-11-01,-1.09,-0.034214876033057846,-0.409,-0.27687603305785125,-1.393,-0.13297520661157025,-0.577,0.162900826446281
1924-12-01,-0.66,-0.025950413223140498,-0.365,-0.27490909090909094,-0.542,-0.1169504132231405,-0.184,0.1693801652892562
1925-01-01,-1.03,-0.02586776859504132,-0.317,-0.2750495867768595,-1.169,-0.10587603305785125,-0.522,0.16776859504132233
1925-02-01,-0.47,-0.02793388429752066,-0.028,-0.2794297520661157,-0.856,-0.09200826446280991,0.136,0.16436363636363638
1925-03-01,-0.53,-0.03049586776859504,-0.008,-0.2825289256198347,-0.735,-0.08393388429752066,0.077,0.1634793388429752
1925-04-01,-0.52,-0.03148760330578512,0.482,-0.28570247933884296,-1.012,-0.076801652892562,0.253,0.16448760330578513
1925-05-01,-0.4,-0.030495867768595045,-0.043,-0.2898595041322314,-0.441,-0.0688595041322314,-0.102,0.16368595041322315
1925-06-01,-0.18,-0.026528925619834713,0.081,-0.2932314049586777,-0.765,-0.06423966942148761,-0.26,0.16528099173553717
1925-07-01,0.5,-0.023636363636363636,-0.167,-0.296099173553719,-0.33,-0.05682644628099174,0.511,0.16833884297520663
1925-08-01,0.68,-0.01925619834710744,-0.04,-0.29395041322314047,-0.127,-0.04832231404958678,0.577,0.17373553719008264
1925-09-01,0.77,-0.00975206611570248,0.389,-0.2956115702479339,0.445,-0.03190082644628099,0.807,0.1833719008264463
1925-10-01,0.85,-0.0025619834710743825,0.103,-0.29402479338842974,0.572,-0.01777685950413224,0.999,0.19543801652892562
1925-11-01,1.0,0.008264462809917354,0.118,-0.28941322314049583,0.943,-0.0075702479338843,1.336,0.21073553719008264
1925-12-01,1.6,0.020578512396694212,-0.152,-0.2855867768595042,0.662,0.0008181818181818152,1.576,0.2252809917355372
1926-01-01,1.52,0.03297520661157025,-0.004,-0.28285123966942144,0.873,0.012983471074380163,1.528,0.23792561983471075
1926-02-01,1.29,0.04041322314049586,-0.359,-0.2831652892561983,1.08,0.027636363636363633,1.575,0.25149586776859506
1926-03-01,1.19,0.05446280991735537,-0.041,-0.2863305785123967,1.156,0.04553719008264462,1.537,0.26598347107438014
1926-04-01,1.01,0.07413223140495868,-0.247,-0.29000000000000004,1.766,0.06327272727272727,1.2,0.2835867768595042
1926-05-01,0.83,0.08388429752066115,-0.085,-0.29057024793388436,2.209,0.09200826446280991,1.17,0.2928099173553719
1926-06-01,0.61,0.09545454545454544,0.147,-0.2925454545454545,1.518,0.11697520661157025,1.0,0.30446280991735536
1926-07-01,0.63,0.10049586776859504,-0.231,-0.2941900826446281,2.102,0.14232231404958678,0.796,0.31367768595041323
1926-08-01,0.15,0.10396694214876033,-0.006,-0.2946942148760331,1.798,0.160900826446281,0.264,0.3205206611570248
1926-09-01,-0.07,0.10289256198347109,-0.405,-0.29533884297520663,1.632,0.17992561983471075,0.159,0.32344628099173556
1926-10-01,-0.39,0.1024793388429752,-0.115,-0.2957438016528926,1.569,0.19184297520661156,-0.049,0.3288429752066116
1926-11-01,-0.27,0.09991735537190083,-0.49,-0.2933471074380165,2.023,0.20044628099173556,0.363,0.3306115702479339
1926-12-01,-0.23,0.10611570247933884,-0.422,-0.29605785123966943,1.632,0.19884297520661157,0.559,0.3349834710743802
1927-01-01,0.1,0.10677685950413224,-0.201,-0.2964214876033058,0.713,0.19129752066115702,0.7,0.33548760330578514
1927-02-01,0.23,0.10966942148760331,0.042,-0.2980578512396694,1.134,0.18242148760330576,0.765,0.33839669421487606
1927-03-01,-0.18,0.11231404958677686,-0.202,-0.30005785123966944,0.776,0.18735537190082643,0.288,0.3411322314049587
1927-04-01,-0.27,0.11371900826446281,-0.398,-0.3017438016528926,0.163,0.2020578512396694,0.361,0.34323140495867765
1927-05-01,-0.59,0.12049586776859504,-0.256,-0.3016446280991736,0.137,0.21401652892561981,-0.25,0.34617355371900826
1927-06-01,-0.15,0.12024793388429753,-0.168,-0.3018099173553719,0.485,0.22433884297520662,0.189,0.3475041322314049
1927-07-01,-0.31,0.12297520661157024,-0.575,-0.30327272727272725,-0.171,0.23034710743801654,-0.264,0.35242975206611576
1927-08-01,-0.09,0.12735537190082644,-0.611,-0.3027851239669421,-0.252,0.23349586776859504,-0.174,0.3581900826446281
1927-09-01,-0.16,0.13396694214876032,-0.664,-0.30268595041322316,0.266,0.22799999999999998,-0.014,0.36380165289256194
1927-10-01,0.27,0.13727272727272727,-0.602,-0.30448760330578517,-0.457,0.22878512396694214,0.145,0.3678181818181818
1927-11-01,-0.04,0.13909090909090907,-0.287,-0.3027107438016529,-0.285,0.22569421487603303,0.158,0.37114876033057853
1927-12-01,0.25,0.13826446280991736,-0.378,-0.2984628099173554,-0.24,0.22852892561983468,0.336,0.3738264462809917
1928-01-01,0.47,0.14090909090909093,-0.377,-0.2975123966942149,0.282,0.21991735537190082,0.743,0.3770165289256198
1928-02-01,0.21,0.14363636363636362,-0.36,-0.29658677685950413,0.556,0.21068595041322313,0.562,0.3773636363636363
1928-03-01,-0.24,0.14826446280991737,-0.277,-0.2928512396694215,0.815,0.206900826446281,0.286,0.37785123966942147
1928-04-01,-0.22,0.15537190082644625,-0.313,-0.2890495867768595,0.526,0.2060909090909091,0.258,0.37981818181818183
1928-05-01,-0.04,0.15661157024793387,-0.268,-0.28991735537190083,0.654,0.19590082644628096,0.333,0.37590909090909097
1928-06-01,-0.26,0.1515702479338843,-0.465,-0.28988429752066114,1.037,0.17621487603305785,0.097,0.3694545454545455
1928-07-01,0.02,0.14735537190082645,-0.64,-0.29291735537190083,-0.289,0.16202479338842976,0.133,0.3614462809917356
1928-08-01,-0.28,0.1412396694214876,-0.891,-0.294801652892562,-0.446,0.13946280991735538,-0.066,0.35231404958677687
1928-09-01,-0.13,0.13322314049586778,-0.87,-0.30774380165289256,-1.223,0.11765289256198347,-0.244,0.34280991735537186
1928-10-01,-0.12,0.11884297520661156,-0.733,-0.3178760330578512,-0.769,0.1048512396694215,-0.109,0.33043801652892557
1928-11-01,-0.17,0.10355371900826446,-0.206,-0.3251487603305785,0.203,0.09784297520661157,0.001,0.3188760330578513
1928-12-01,-0.03,0.08636363636363638,-0.372,-0.33275206611570246,0.387,0.09278512396694215,-0.08,0.30476033057851243
1929-01-01,-0.15,0.07024793388429752,-0.284,-0.3361322314049586,0.496,0.08990909090909091,-0.154,0.29684297520661157
1929-02-01,-0.08,0.059256198347107436,-0.362,-0.33461983471074386,0.032,0.09590082644628098,0.001,0.2949090909090909
1929-03-01,-0.15,0.04619834710743802,-0.238,-0.3310578512396694,-0.051,0.10716528925619834,0.051,0.2911487603305785
1929-04-01,-0.15,0.039504132231404955,-0.222,-0.32862809917355373,0.276,0.1196694214876033,0.217,0.2930909090909091
1929-05-01,-0.17,0.0356198347107438,-0.361,-0.3280743801652893,0.346,0.1325537190082645,0.258,0.2937768595041322
1929-06-01,0.13,0.039917355371900824,-0.246,-0.32477685950413226,0.314,0.13253719008264464,0.206,0.29807438016528925
1929-07-01,-0.02,0.041900826446280987,-0.388,-0.3237685950413223,0.054,0.1349834710743802,0.318,0.2977355371900826
1929-08-01,0.1,0.047272727272727265,-0.487,-0.32060330578512397,0.107,0.1480413223140496,0.27,0.30233884297520663
1929-09-01,0.3,0.04942148760330578,-0.305,-0.32125619834710745,0.912,0.16344628099173555,0.592,0.30910743801652896
1929-10-01,0.4,0.054380165289256197,-0.356,-0.3185289256198347,0.955,0.18856198347107436,0.369,0.31532231404958677
1929-11-01,0.18,0.057272727272727274,-0.281,-0.31808264462809915,0.616,0.2149586776859504,0.367,0.32141322314049586
1929-12-01,0.63,0.06429752066115701,-0.024,-0.3160165289256198,1.37,0.23560330578512395,0.81,0.32673553719008264
1930-01-01,0.35,0.06710743801652892,-0.423,-0.31294214876033055,0.892,0.24352892561983472,0.51,0.32611570247933885
1930-02-01,0.39,0.0740495867768595,-0.513,-0.31077685950413225,0.589,0.2538595041322314,0.47,0.3280578512396694
1930-03-01,0.29,0.07561983471074381,-0.32,-0.3095619834710744,0.292,0.2588512396694215,0.569,0.32603305785123965
1930-04-01,0.41,0.07735537190082645,-0.245,-0.3112809917355372,0.292,0.26693388429752074,0.528,0.3248099173553719
1930-05-01,-0.04,0.07719008264462808,-0.445,-0.31474380165289256,0.146,0.2819917355371901,0.031,0.3224462809917355
1930-06-01,0.27,0.0771900826446281,-0.138,-0.3136363636363636,0.021,0.2951404958677686,0.543,0.323504132231405
1930-07-01,0.64,0.07330578512396693,-0.405,-0.3138760330578512,0.171,0.30572727272727274,0.676,0.3225785123966942
1930-08-01,0.68,0.06966942148760329,-0.33,-0.31269421487603305,0.152,0.3127190082644628,0.815,0.3208181818181818
1930-09-01,1.28,0.06471074380165288,-0.802,-0.3144049586776859,0.691,0.31884297520661153,1.193,0.3182892561983471
1930-10-01,1.14,0.06066115702479339,-0.417,-0.3201322314049587,0.321,0.32119834710743805,1.357,0.3143471074380165
1930-11-01,1.79,0.05595041322314049,0.112,-0.32000000000000006,0.081,0.3204876033057851,1.755,0.3111157024793389
1930-12-01,1.41,0.04735537190082644,-0.114,-0.320793388429752,0.539,0.3234793388429752,1.646,0.30328099173553713
1931-01-01,1.49,0.04024793388429752,-0.057,-0.3188264462809917,0.834,0.3324462809917355,1.58,0.2966776859504133
1931-02-01,1.33,0.03173553719008264,-0.334,-0.32200826446280995,0.752,0.3369338842975207,1.95,0.289595041322314
1931-03-01,1.18,0.02107438016528925,-0.548,-0.32078512396694214,0.869,0.33628099173553716,1.636,0.2799173553719009
1931-04-01,0.96,0.01363636363636363,-0.525,-0.3210165289256199,1.459,0.3363057851239669,1.363,0.2733223140495868
1931-05-01,0.63,0.004710743801652886,-0.258,-0.3205619834710744,2.018,0.33444628099173557,0.917,0.2686198347107438
1931-06-01,0.48,-0.005041322314049592,-0.28,-0.3193305785123967,1.764,0.3329504132231405,0.835,0.2607190082644628
1931-07-01,0.4,-0.012892561983471081,-0.413,-0.32114876033057854,2.081,0.34090082644628095,0.753,0.25595867768595043
1931-08-01,0.15,-0.02074380165289257,-0.502,-0.32285950413223136,1.172,0.3399586776859504,0.39,0.24911570247933884
1931-09-01,-0.42,-0.022809917355371908,-1.01,-0.326495867768595,1.067,0.33503305785123966,0.119,0.2467603305785124
1931-10-01,-0.22,-0.0190909090909091,-0.597,-0.3288595041322314,0.344,0.33842975206611575,0.282,0.2504710743801653
1931-11-01,-0.27,-0.01611570247933885,-0.184,-0.32842975206611574,-0.123,0.3468595041322314,0.046,0.254198347107438
1931-12-01,-0.28,-0.008677685950413228,-0.812,-0.3270082644628099,-0.756,0.3412396694214876,-0.009,0.2590413223140496
1932-01-01,-0.42,-0.009256198347107442,-0.426,-0.32445454545454544,-1.01,0.32904132231404953,-0.045,0.25550413223140495
1932-02-01,-0.19,-0.007603305785123973,-0.58,-0.324702479338843,-1.253,0.32160330578512397,0.167,0.2540413223140496
1932-03-01,0.25,-0.007438016528925624,-0.438,-0.32716528925619837,-0.427,0.3121157024793389,0.501,0.252
1932-04-01,0.25,-0.004214876033057857,-0.125,-0.3288181818181818,0.509,0.30237190082644627,0.562,0.2515950413223141
1932-05-01,0.28,-0.005537190082644633,-0.378,-0.3251818181818182,0.02,0.30086776859504133,0.384,0.24655371900826445
1932-06-01,0.19,-0.0031404958677686,-0.396,-0.32552066115702477,-0.187,0.31116528925619835,0.442,0.24978512396694216
1932-07-01,-0.11,-0.001157024793388435,-0.245,-0.3286446280991736,-0.126,0.30828925619834713,0.211,0.25035537190082646
1932-08-01,0.09,-0.0002479338842975259,-0.489,-0.32597520661157026,-0.041,0.30760330578512396,0.447,0.2500330578512397
1932-09-01,0.02,0.0019008264462809865,-0.403,-0.32167768595041324,-0.76,0.31166115702479336,0.095,0.25316528925619836
1932-10-01,0.02,0.002396694214876028,-0.729,-0.318702479338843,-0.055,0.3143388429752066,0.22,0.25269421487603305
1932-11-01,-0.04,0.0019008264462809861,-0.314,-0.31467768595041323,-0.427,0.3252892561983471,0.164,0.2538099173553719
1932-12-01,-0.41,0.004049586776859499,-0.033,-0.31344628099173555,-0.14,0.3343305785123967,0.04,0.2537520661157025
1933-01-01,-0.21,0.00024793388429751514,-0.189,-0.3110165289256198,-0.842,0.3457355371900826,-0.029,0.24848760330578512
1933-02-01,-0.08,-0.0017355371900826496,-0.092,-0.30969421487603305,-1.017,0.34392561983471076,-0.087,0.24041322314049587
1933-03-01,-0.2,-0.003966942148760336,0.039,-0.3066446280991736,-1.116,0.3360495867768595,-0.116,0.23307438016528928
1933-04-01,0.01,-0.0012396694214876084,0.178,-0.307206611570248,-0.883,0.32864462809917355,-0.012,0.2269917355371901
1933-05-01,-0.4,-0.0021487603305785177,-0.344,-0.3044876033057851,-1.534,0.3202644628099174,-0.344,0.21934710743801653
1933-06-01,-0.86,-0.009090909090909096,-0.307,-0.30564462809917353,-2.022,0.3112314049586777,-0.737,0.20915702479338844
1933-07-01,-0.66,-0.015041322314049593,-0.469,-0.30693388429752066,-2.517,0.3007603305785124,-0.827,0.19986776859504132
1933-08-01,-0.94,-0.021900826446281,-0.631,-0.30288429752066115,-2.138,0.30160330578512395,-0.939,0.1907685950413223
1933-09-01,-0.77,-0.021900826446281,-1.567,-0.2993057851239669,-2.303,0.30583471074380164,-0.848,0.18823966942148762
1933-10-01,-1.1,-0.027024793388429755,-0.985,-0.29716528925619834,-1.486,0.32271074380165293,-0.955,0.18531404958677689
1933-11-01,-1.06,-0.03198347107438017,-0.604,-0.2969917355371901,-0.459,0.32912396694214874,-0.54,0.18188429752066115
1933-12-01,-1.21,-0.03710743801652893,-0.472,-0.2997603305785124,-0.746,0.3330909090909091,-0.699,0.17741322314049587
1934-01-01,-0.93,-0.04239669421487604,-0.611,-0.2977190082644628,-0.6,0.33466942148760326,-0.298,0.17670247933884298
1934-02-01,-0.87,-0.049008264462809925,-0.251,-0.2936446280991735,-0.017,0.3285041322314049,-0.243,0.17318181818181816
1934-03-01,-0.95,-0.05537190082644629,-0.166,-0.29047933884297517,0.562,0.32289256198347105,-0.037,0.16776859504132233
1934-04-01,-0.42,-0.056363636363636366,-0.134,-0.2907107438016529,1.07,0.3232561983471074,0.306,0.1668099173553719
1934-05-01,-0.49,-0.057190082644628104,-0.2,-0.29166115702479334,0.724,0.32242975206611574,-0.028,0.16543801652892562
1934-06-01,-0.33,-0.05537190082644629,-0.016,-0.29014876033057857,-0.134,0.32019008264462806,-0.095,0.16536363636363638
1934-07-01,-0.43,-0.0543801652892562,-0.325,-0.29146280991735535,0.206,0.31195041322314043,-0.393,0.16583471074380166
1934-08-01,-0.33,-0.05371900826446281,-0.012,-0.29205785123966943,1.171,0.30662809917355377,-0.078,0.1636776859504132
1934-09-01,-0.52,-0.05099173553719009,-0.497,-0.29038842975206614,1.093,0.298305785123967,0.039,0.1633719008264463
1934-10-01,-0.26,-0.05735537190082645,-0.322,-0.2894380165289256,1.749,0.28252066115702473,0.152,0.15407438016528927
1934-11-01,-0.11,-0.058016528925619835,-0.155,-0.2891322314049587,1.439,0.2686033057851239,0.368,0.15355371900826445
1934-12-01,-0.24,-0.059090909090909104,-0.159,-0.2876859504132231,1.105,0.27309917355371904,0.067,0.15446280991735536
1935-01-01,-0.32,-0.05454545454545455,0.007,-0.2868264462809917,0.417,0.27550413223140496,-0.259,0.15887603305785125
1935-02-01,-0.19,-0.04603305785123967,-0.055,-0.2851818181818182,0.081,0.27979338842975204,-0.287,0.16752066115702482
1935-03-01,-0.28,-0.0394214876033058,0.119,-0.28488429752066113,-0.252,0.2897520661157025,-0.109,0.174900826446281
1935-04-01,-0.32,-0.035206611570247945,-0.216,-0.28630578512396687,0.243,0.3049669421487603,-0.071,0.17840495867768594
1935-05-01,-0.54,-0.03578512396694215,0.063,-0.28807438016528925,0.81,0.31894214876033056,-0.033,0.17991735537190084
1935-06-01,-0.4,-0.030909090909090917,0.091,-0.2846280991735537,1.15,0.33675206611570246,0.026,0.18779338842975205
1935-07-01,-0.65,-0.03140495867768596,0.052,-0.2864958677685951,0.516,0.3537933884297521,-0.372,0.1857107438016529
1935-08-01,0.06,-0.03049586776859505,-0.024,-0.28523966942148765,0.516,0.3665206611570248,0.298,0.18710743801652893
1935-09-01,0.08,-0.035702479338842984,-0.247,-0.2857355371900827,0.614,0.3780165289256199,0.271,0.18367768595041323
1935-10-01,0.28,-0.04363636363636365,-0.304,-0.2830082644628099,0.73,0.38422314049586775,0.33,0.1800909090909091
1935-11-01,0.28,-0.04727272727272728,0.119,-0.2823801652892562,0.486,0.3957603305785124,0.608,0.17746280991735536
1935-12-01,-0.04,-0.050578512396694225,0.022,-0.28590909090909095,1.305,0.41513223140495864,0.388,0.1760826446280992
1936-01-01,0.74,-0.05082644628099175,0.086,-0.2879586776859504,1.747,0.43203305785123963,0.777,0.17540495867768596
1936-02-01,0.49,-0.05206611570247934,-0.389,-0.292603305785124,1.416,0.4480330578512397,0.671,0.17539669421487605
1936-03-01,0.0,-0.05140495867768596,-0.211,-0.292,1.001,0.4615867768595041,0.404,0.17309090909090907
1936-04-01,0.29,-0.049917355371900826,-0.069,-0.2897603305785124,1.159,0.4743801652892562,0.739,0.17264462809917355
1936-05-01,-0.07,-0.04694214876033058,-0.192,-0.28764462809917357,1.541,0.48076859504132236,0.631,0.17402479338842977
1936-06-01,-0.35,-0.04487603305785125,0.064,-0.28861983471074376,2.028,0.4883140495867768,0.214,0.17528925619834712
1936-07-01,-0.34,-0.04280991735537191,-0.073,-0.2898512396694215,2.48,0.4982892561983471,0.424,0.1776528925619835
1936-08-01,-0.32,-0.03958677685950414,-0.438,-0.28990082644628096,1.988,0.5075537190082645,-0.032,0.18248760330578515
1936-09-01,-0.1,-0.03520661157024793,-0.446,-0.288504132231405,1.202,0.5163636363636364,-0.021,0.1882892561983471
1936-10-01,0.38,-0.023553719008264466,-0.691,-0.28171900826446283,2.043,0.5195785123966942,0.608,0.19614876033057851
1936-11-01,-0.03,-0.012066115702479344,-0.063,-0.2745206611570248,2.589,0.530297520661157,0.402,0.20279338842975206
1936-12-01,0.63,0.0006611570247933835,-0.318,-0.2745041322314049,1.343,0.5486528925619835,0.949,0.21259504132231408
1937-01-01,-0.3,0.00801652892561983,-0.113,-0.26939669421487605,0.156,0.5726198347107438,0.131,0.21959504132231406
1937-02-01,0.3,0.01586776859504132,-0.231,-0.2683388429752066,-0.187,0.5951652892561983,0.523,0.22364462809917354
1937-03-01,0.25,0.019504132231404955,-0.256,-0.2656115702479339,-0.014,0.6152396694214876,0.518,0.22565289256198348
1937-04-01,0.21,0.022148760330578506,-0.402,-0.2653801652892562,-0.403,0.6285289256198348,0.239,0.2252809917355372
1937-05-01,-0.43,0.019256198347107432,0.042,-0.26929752066115703,-0.019,0.631198347107438,-0.249,0.22017355371900826
1937-06-01,-0.3,0.012644628099173546,-0.297,-0.2739752066115702,1.383,0.6394876033057851,0.141,0.21401652892561984
1937-07-01,0.09,0.006528925619834706,-0.546,-0.27646280991735533,0.137,0.647909090909091,0.258,0.20649586776859505
1937-08-01,-0.2,-0.0004958677685950463,-0.252,-0.2835289256198347,-0.254,0.6561404958677686,-0.303,0.1985537190082645
1937-09-01,0.17,-0.010909090909090913,-0.091,-0.28730578512396693,0.239,0.6606859504132231,0.205,0.18759504132231405
1937-10-01,-0.1,-0.02198347107438017,-0.304,-0.2888347107438016,0.59,0.6707024793388429,-0.071,0.17885123966942149
1937-11-01,0.21,-0.03454545454545455,-0.115,-0.2877520661157025,0.868,0.6706363636363637,0.28,0.16904132231404959
1937-12-01,0.22,-0.04446280991735538,-0.138,-0.28977685950413223,0.809,0.6669173553719008,0.151,0.15997520661157028
1938-01-01,-0.21,-0.05099173553719008,-0.084,-0.29355371900826444,1.14,0.656487603305785,-0.301,0.1522314049586777
1938-02-01,0.23,-0.05900826446280992,-0.217,-0.2940413223140496,0.063,0.6572809917355372,-0.234,0.14681818181818182
1938-03-01,-0.06,-0.06743801652892562,0.009,-0.295801652892562,-0.397,0.6669752066115703,-0.326,0.14224793388429752
1938-04-01,0.09,-0.07074380165289257,-0.345,-0.29798347107438017,-0.081,0.6853057851239669,-0.45,0.14031404958677687
1938-05-01,-0.33,-0.07380165289256198,0.016,-0.30100826446280987,-0.488,0.6973636363636364,-0.667,0.13787603305785123
1938-06-01,-0.88,-0.07140495867768595,-0.408,-0.2969173553719009,-0.439,0.7086446280991736,-0.9,0.13857024793388428
1938-07-01,-0.98,-0.06504132231404959,-0.621,-0.29359504132231407,-0.23,0.7247190082644627,-1.027,0.1423223140495868
1938-08-01,-0.81,-0.05917355371900827,-0.15,-0.2894297520661157,-0.187,0.735198347107438,-0.968,0.14574380165289258
1938-09-01,-0.28,-0.053388429752066126,-0.458,-0.28957024793388425,0.066,0.7442231404958678,-0.372,0.1498099173553719
1938-10-01,-0.75,-0.050661157024793395,-0.611,-0.2810495867768595,0.819,0.7534958677685949,-0.598,0.1546694214876033
1938-11-01,-0.72,-0.04570247933884298,-0.712,-0.27611570247933886,0.007,0.763595041322314,-0.524,0.15829752066115704
1938-12-01,-0.79,-0.04041322314049587,-0.541,-0.27431404958677685,0.683,0.7798842975206611,-0.54,0.15825619834710744
1939-01-01,-0.67,-0.03388429752066116,-0.125,-0.2716859504132232,0.578,0.7964214876033057,-0.166,0.16148760330578515
1939-02-01,-0.95,-0.02487603305785124,0.209,-0.2645950413223141,-0.25,0.8032314049586777,-0.58,0.16319834710743802
1939-03-01,-0.85,-0.01942148760330579,0.021,-0.2639834710743802,-0.647,0.8013884297520661,-0.654,0.16249586776859504
1939-04-01,-0.27,-0.01066115702479339,-0.266,-0.264603305785124,-0.007,0.7930909090909091,-0.065,0.16311570247933885
1939-05-01,-0.25,-0.006033057851239673,-0.337,-0.2611570247933884,0.176,0.7745371900826445,0.051,0.15758677685950415
1939-06-01,0.05,-0.0016528925619834736,-0.178,-0.26044628099173556,0.075,0.7548512396694215,0.249,0.15645454545454546
1939-07-01,0.25,0.001735537190082642,-0.405,-0.25987603305785123,-0.683,0.7467355371900827,0.263,0.15714049586776863
1939-08-01,0.06,0.005289256198347105,-0.46,-0.2567685950413223,-0.59,0.7412561983471075,0.057,0.15815702479338845
1939-09-01,0.43,0.005454545454545452,-0.285,-0.2566611570247934,-0.9,0.7223553719008264,0.233,0.15623966942148762
1939-10-01,-0.47,0.00793388429752066,-0.19,-0.2575123966942149,-0.998,0.7060495867768594,-0.533,0.15234710743801655
1939-11-01,0.32,0.007190082644628097,-0.319,-0.2569090909090909,-0.729,0.6884380165289257,0.306,0.1477107438016529
1939-12-01,0.05,0.005950413223140494,-0.106,-0.2541487603305785,1.16,0.6736611570247935,0.477,0.14002479338842977
1940-01-01,1.18,0.004958677685950411,0.08,-0.25399173553719007,1.661,0.6649421487603305,1.344,0.1337190082644628
1940-02-01,1.38,0.0037190082644628078,-0.224,-0.25330578512396695,1.411,0.6612892561983471,1.556,0.1320413223140496
1940-03-01,1.19,-0.0012396694214876053,-0.477,-0.2511570247933884,1.794,0.6626611570247934,1.363,0.12576859504132232
1940-04-01,0.8,-0.0052066115702479356,-0.492,-0.2548677685950413,2.133,0.6645289256198347,0.993,0.12038842975206612
1940-05-01,0.34,-0.006363636363636366,-0.459,-0.2578099173553719,1.983,0.6620247933884297,0.711,0.11811570247933884
1940-06-01,0.55,-0.006776859504132233,-0.028,-0.2629834710743802,2.301,0.6586528925619833,0.984,0.11488429752066116
1940-07-01,0.21,-0.008512396694214878,-0.364,-0.26806611570247935,2.083,0.6554462809917355,0.291,0.11161983471074381
1940-08-01,0.75,-0.010082644628099175,-0.253,-0.2739173553719008,1.711,0.6528925619834711,0.845,0.11056198347107439
1940-09-01,0.05,-0.017355371900826446,-0.39,-0.2786280991735537,1.543,0.650396694214876,0.4,0.10400826446280992
1940-10-01,0.32,-0.02512396694214876,-0.472,-0.28082644628099174,1.442,0.6465619834710743,0.759,0.09634710743801654
1940-11-01,0.7,-0.030909090909090907,-0.341,-0.2809917355371901,1.717,0.6335785123966942,1.039,0.08972727272727274
1940-12-01,1.39,-0.03768595041322314,-0.315,-0.2846859504132231,2.425,0.6172644628099173,1.588,0.07906611570247936
1941-01-01,1.38,-0.040991735537190085,-0.362,-0.284305785123967,2.584,0.598793388429752,1.564,0.0706694214876033
1941-02-01,1.34,-0.049090909090909095,-0.619,-0.2851322314049587,2.77,0.5885371900826446,1.579,0.060471074380165295
1941-03-01,1.41,-0.05611570247933884,-0.261,-0.28378512396694217,2.392,0.5826528925619835,1.671,0.05194214876033058
1941-04-01,1.36,-0.060082644628099174,-0.277,-0.2866446280991735,2.417,0.5803305785123967,1.582,0.045925619834710746
1941-05-01,1.32,-0.06570247933884298,-0.269,-0.28361983471074376,2.232,0.5696611570247933,1.53,0.036049586776859516
1941-06-01,0.88,-0.06388429752066116,-0.376,-0.28476033057851236,2.931,0.5537355371900826,1.07,0.029842975206611576
1941-07-01,0.73,-0.060743801652892566,-0.429,-0.28660330578512394,2.971,0.5398429752066115,1.121,0.027214876033057857
1941-08-01,0.79,-0.06223140495867769,-0.419,-0.2846363636363636,3.202,0.5206528925619834,1.338,0.024214876033057855
1941-09-01,0.68,-0.061157024793388436,-0.333,-0.28161157024793393,2.238,0.5062809917355372,1.092,0.025851239669421492
1941-10-01,0.99,-0.06041322314049587,-0.189,-0.279396694214876,1.456,0.49136363636363634,1.07,0.02345454545454546
1941-11-01,1.17,-0.06504132231404959,0.274,-0.273900826446281,1.641,0.4642561983471074,1.086,0.01933884297520662
1941-12-01,1.27,-0.06454545454545454,-0.182,-0.2754462809917355,2.098,0.43105785123966944,1.232,0.018975206611570254
1942-01-01,0.61,-0.06652892561983471,-0.194,-0.275198347107438,2.144,0.4201487603305785,0.838,0.01480165289256199
1942-02-01,0.53,-0.06512396694214875,-0.298,-0.2740247933884298,1.718,0.4226694214876032,0.445,0.015727272727272732
1942-03-01,0.25,-0.0652892561983471,-0.25,-0.27211570247933886,1.176,0.43004132231404957,0.41,0.01767768595041323
1942-04-01,0.57,-0.06793388429752066,-0.41,-0.27153719008264465,1.181,0.43399173553719006,0.456,0.013743801652892568
1942-05-01,-0.1,-0.07421487603305786,-0.599,-0.2673553719008265,0.832,0.4372809917355372,-0.056,0.009702479338842981
1942-06-01,-0.52,-0.07008264462809916,-0.944,-0.2682479338842975,1.023,0.445297520661157,-0.361,0.01666942148760331
1942-07-01,-0.55,-0.07082644628099173,-0.697,-0.2710247933884298,0.832,0.43995041322314044,-0.468,0.015314049586776865
1942-08-01,-0.96,-0.07462809917355373,-1.1,-0.2719586776859504,0.87,0.4454297520661157,-0.75,0.011338842975206617
1942-09-01,-1.17,-0.08165289256198346,-0.946,-0.27789256198347106,0.509,0.4522809917355371,-0.879,0.01151239669421488
1942-10-01,-1.32,-0.08983471074380166,-0.588,-0.2839504132231405,0.452,0.462,-0.963,0.007636363636363642
1942-11-01,-1.5,-0.09504132231404959,-0.598,-0.28407438016528924,-0.063,0.46268595041322313,-0.967,0.004157024793388434
1942-12-01,-1.24,-0.09528925619834712,-0.559,-0.2853140495867768,-0.877,0.4568264462809917,-0.933,0.0050826446280991784
1943-01-01,-1.2,-0.09669421487603305,-0.49,-0.28663636363636363,-1.402,0.45110743801652897,-0.897,0.006214876033057855
1943-02-01,-1.18,-0.091900826446281,-0.248,-0.28722314049586783,-0.746,0.43978512396694214,-0.684,0.010462809917355376
1943-03-01,-1.1,-0.08859504132231405,-0.305,-0.2852314049586777,0.156,0.43195867768595037,-0.64,0.01476859504132232
1943-04-01,-0.6,-0.08603305785123967,-0.225,-0.28615702479338845,1.102,0.42918181818181816,-0.35,0.017305785123966945
1943-05-01,-0.36,-0.08421487603305784,-0.188,-0.28400826446280986,0.576,0.41912396694214876,-0.307,0.021280991735537196
1943-06-01,-0.11,-0.0809917355371901,0.151,-0.2836528925619835,-0.169,0.42291735537190084,-0.26,0.02749586776859505
1943-07-01,-0.09,-0.07421487603305786,0.095,-0.28249586776859503,-0.077,0.4266446280991736,-0.283,0.03467768595041323
1943-08-01,0.05,-0.06628099173553718,0.035,-0.2811818181818182,-1.249,0.4242809917355371,-0.413,0.040066115702479345
1943-09-01,-0.24,-0.059752066115702475,-0.648,-0.28529752066115704,-1.046,0.41947933884297517,-0.447,0.04501652892561984
1943-10-01,-0.44,-0.06305785123966942,-0.536,-0.28392561983471076,-1.181,0.4074380165289256,-0.26,0.04247107438016529
1943-11-01,-0.5,-0.05933884297520661,-0.388,-0.2820082644628099,-0.264,0.3945206611570248,-0.516,0.046363636363636364
1943-12-01,-0.42,-0.05024793388429752,-0.386,-0.280305785123967,1.512,0.37962809917355367,-0.545,0.05180165289256198
1944-01-01,-0.42,-0.047520661157024795,-0.154,-0.27561157024793387,1.255,0.35460330578512395,-0.308,0.05146280991735538
1944-02-01,0.16,-0.039834710743801655,0.247,-0.2731157024793388,0.224,0.3282148760330578,-0.091,0.05108264462809918
1944-03-01,-0.21,-0.03652892561983471,-0.177,-0.2758429752066116,-0.24,0.3183223140495867,-0.328,0.05049586776859504
1944-04-01,0.11,-0.027933884297520663,-0.241,-0.2746528925619835,-0.442,0.31368595041322317,0.038,0.055264462809917356
1944-05-01,0.14,-0.02628099173553719,0.283,-0.27320661157024795,-1.175,0.30615702479338847,-0.363,0.0539504132231405
1944-06-01,0.04,-0.03016528925619834,-0.114,-0.2704958677685951,-1.658,0.29847933884297523,-0.165,0.04942975206611571
1944-07-01,0.08,-0.033801652892561984,0.053,-0.26909917355371904,-1.116,0.29043801652892565,-0.012,0.0443801652892562
1944-08-01,0.0,-0.03851239669421488,0.051,-0.2656611570247934,-0.457,0.2879256198347107,-0.27,0.03814876033057852
1944-09-01,-0.31,-0.044380165289256195,0.001,-0.262603305785124,-1.116,0.2849669421487603,-0.31,0.029347107438016537
1944-10-01,-0.22,-0.05388429752066116,-0.6,-0.26127272727272727,-0.88,0.279396694214876,-0.432,0.01824793388429752
1944-11-01,-0.35,-0.06099173553719008,-0.249,-0.26297520661157026,-0.382,0.2813057851239669,-0.409,0.01147933884297521
1944-12-01,-0.26,-0.07355371900826446,0.179,-0.2630743801652893,-0.349,0.2815537190082644,-0.562,0.0005785123966942172
1945-01-01,-0.36,-0.08264462809917356,-0.14,-0.2625619834710744,0.05,0.2610826446280991,-0.696,-0.011512396694214872
1945-02-01,-0.47,-0.10479338842975207,0.09,-0.267801652892562,-0.025,0.2336859504132231,-0.462,-0.03380991735537189
1945-03-01,-0.79,-0.12504132231404957,0.205,-0.2716694214876033,0.247,0.21090082644628097,-1.046,-0.056016528925619834
1945-04-01,-0.76,-0.14239669421487602,-0.33,-0.2716528925619835,-0.026,0.18448760330578512,-0.76,-0.075801652892562
1945-05-01,-0.46,-0.1597520661157025,-0.572,-0.2701404958677686,-0.06,0.14682644628099173,-0.346,-0.09589256198347107
1945-06-01,-0.59,-0.1696694214876033,-0.563,-0.2704297520661157,0.402,0.11557851239669421,-0.424,-0.11171074380165288
1945-07-01,-0.61,-0.18314049586776857,-0.524,-0.2730743801652893,0.762,0.0749090909090909,-0.369,-0.1330909090909091
1945-08-01,-0.84,-0.19008264462809918,-0.656,-0.2718842975206611,0.207,0.04331404958677684,-0.5,-0.14434710743801654
1945-09-01,-0.82,-0.20537190082644627,-0.594,-0.2750082644628099,0.214,0.017595041322314032,-0.495,-0.1619669421487603
1945-10-01,-0.86,-0.21264462809917356,-0.513,-0.2766611570247934,0.15,-0.006132231404958698,-0.656,-0.17482644628099173
1945-11-01,-0.42,-0.22669421487603306,-0.324,-0.2746363636363636,-0.841,-0.027190082644628123,-0.471,-0.19463636363636366
1945-12-01,-0.54,-0.24107438016528923,-0.328,-0.2720413223140496,-1.488,-0.04771074380165292,-0.682,-0.21180991735537189
1946-01-01,-0.44,-0.261900826446281,0.068,-0.26732231404958673,-0.93,-0.07438842975206612,-0.628,-0.23372727272727273
1946-02-01,-0.24,-0.2794214876033058,-0.014,-0.26258677685950416,0.506,-0.10516528925619836,-0.457,-0.25374380165289256
1946-03-01,-0.36,-0.29685950413223144,-0.226,-0.2553305785123967,0.704,-0.13871900826446285,-0.361,-0.2746776859504132
1946-04-01,-0.48,-0.30991735537190085,-0.557,-0.25741322314049586,0.72,-0.16578512396694217,-0.324,-0.2925041322314049
1946-05-01,-0.39,-0.3219834710743802,0.297,-0.2562644628099173,-0.132,-0.19111570247933887,-0.456,-0.3084793388429751
1946-06-01,0.15,-0.3336363636363636,-0.33,-0.25561157024793385,-0.386,-0.21900000000000003,-0.12,-0.3232066115702479
1946-07-01,0.03,-0.3354545454545455,-0.159,-0.2543223140495868,0.347,-0.24204132231404957,-0.104,-0.32740495867768593
1946-08-01,-0.52,-0.3340495867768595,0.165,-0.24975206611570247,0.158,-0.27525619834710746,0.061,-0.3344214876033058
1946-09-01,-0.19,-0.3350413223140496,-0.072,-0.2463305785123967,0.249,-0.3027851239669421,0.166,-0.34148760330578515
1946-10-01,-0.01,-0.3341322314049587,-0.178,-0.24496694214876036,-0.603,-0.3206694214876033,-0.311,-0.34617355371900826
1946-11-01,-0.18,-0.3358677685950413,-0.026,-0.24238842975206612,-1.237,-0.33390082644628105,0.11,-0.34890909090909095
1946-12-01,0.03,-0.3396694214876033,-0.25,-0.24525619834710743,-1.428,-0.35838016528925626,0.358,-0.35502479338842974
1947-01-01,0.39,-0.3469421487603305,-0.288,-0.24432231404958676,0.023,-0.3922892561983471,0.444,-0.3640330578512396
1947-02-01,-0.13,-0.35,0.029,-0.24205785123966944,0.461,-0.4195371900826447,0.243,-0.37041322314049585
1947-03-01,0.28,-0.3540495867768595,0.0,-0.23855371900826444,0.705,-0.4460495867768595,0.759,-0.37385123966942146
1947-04-01,-0.07,-0.3527272727272727,-0.186,-0.23588429752066115,0.464,-0.4681487603305785,0.042,-0.3762809917355372
1947-05-01,-0.55,-0.3605785123966942,0.104,-0.2337190082644628,-0.005,-0.48942148760330584,-0.25,-0.3818595041322314
1947-06-01,0.07,-0.3652066115702479,-0.066,-0.22860330578512394,0.951,-0.509909090909091,0.594,-0.3874380165289256
1947-07-01,-0.39,-0.3657851239669421,-0.633,-0.22435537190082644,0.736,-0.5304132231404959,-0.023,-0.39019008264462807
1947-08-01,-0.37,-0.3647107438016529,-0.659,-0.2224214876033058,0.8,-0.5440165289256199,-0.223,-0.3906611570247934
1947-09-01,-1.05,-0.35966942148760334,-0.97,-0.21834710743801652,0.575,-0.5567107438016529,-0.282,-0.38755371900826446
1947-10-01,-0.82,-0.3503305785123967,-0.824,-0.2150413223140496,1.415,-0.5635785123966942,-0.264,-0.3821404958677686
1947-11-01,-0.73,-0.34206611570247936,-0.319,-0.21159504132231408,0.673,-0.5686611570247934,-0.492,-0.378297520661157
1947-12-01,0.18,-0.33421487603305783,-0.265,-0.206900826446281,0.159,-0.5728016528925621,0.392,-0.3732809917355372
1948-01-01,0.05,-0.32099173553719007,-0.298,-0.19976859504132233,0.117,-0.5663057851239669,0.288,-0.36316528925619834
1948-02-01,0.37,-0.30909090909090914,-0.155,-0.19336363636363638,-0.23,-0.556801652892562,0.213,-0.3545867768595041
1948-03-01,0.63,-0.2975206611570248,0.024,-0.1897603305785124,-0.884,-0.5586198347107438,0.287,-0.3478842975206612
1948-04-01,0.25,-0.28206611570247936,-0.103,-0.18768595041322314,-0.733,-0.5650991735537191,-0.019,-0.338900826446281
1948-05-01,0.31,-0.27421487603305783,-0.085,-0.18321487603305786,-1.298,-0.5756694214876033,0.031,-0.3346776859504132
1948-06-01,0.06,-0.26785123966942154,0.059,-0.18259504132231405,-0.029,-0.5819090909090909,0.085,-0.3296446280991735
1948-07-01,-0.06,-0.26528925619834715,-0.268,-0.18531404958677689,0.012,-0.5775867768595041,-0.031,-0.32589256198347105
1948-08-01,-0.02,-0.2642148760330578,-0.462,-0.1880082644628099,-0.516,-0.5803388429752067,-0.375,-0.323595041322314
1948-09-01,-0.02,-0.2590909090909091,-0.648,-0.1902809917355372,-0.768,-0.5748181818181818,-0.369,-0.3176528925619835
1948-10-01,-0.68,-0.256198347107438,-0.292,-0.18750413223140494,-1.391,-0.5731570247933884,-0.68,-0.31520661157024793
1948-11-01,-0.3,-0.25,-0.379,-0.18419834710743802,-0.744,-0.5653057851239669,-0.127,-0.3125454545454545
1948-12-01,0.38,-0.24462809917355371,-0.506,-0.18197520661157027,-1.795,-0.5633140495867769,0.134,-0.30916528925619835
1949-01-01,-0.46,-0.23793388429752066,0.027,-0.18158677685950414,-2.345,-0.582206611570248,-0.581,-0.30508264462809914
1949-02-01,0.26,-0.23272727272727273,0.177,-0.18255371900826448,-2.615,-0.5975785123966942,-0.212,-0.30391735537190084
1949-03-01,-0.55,-0.23396694214876032,-0.121,-0.18593388429752067,-1.447,-0.6054793388429752,-0.651,-0.3050661157024793
1949-04-01,0.19,-0.23487603305785124,0.165,-0.18454545454545457,-1.208,-0.609297520661157,-0.077,-0.30691735537190085
1949-05-01,-0.07,-0.24016528925619837,-0.091,-0.187099173553719,-0.918,-0.6073884297520661,-0.224,-0.31242975206611573
1949-06-01,-0.72,-0.24793388429752064,-0.009,-0.19360330578512394,-0.753,-0.5927851239669422,-0.496,-0.31420661157024793
1949-07-01,-0.39,-0.25669421487603306,-0.009,-0.1997272727272727,-0.898,-0.578297520661157,-0.362,-0.31797520661157025
1949-08-01,-0.32,-0.26628099173553715,0.011,-0.20538016528925618,-0.987,-0.5678512396694215,-0.491,-0.3240743801652893
1949-09-01,-0.65,-0.27479338842975204,-0.09,-0.21173553719008265,-0.948,-0.5681983471074381,-1.008,-0.3298181818181818
1949-10-01,-0.72,-0.2797520661157024,-0.124,-0.21865289256198348,-1.574,-0.5556694214876033,-1.11,-0.3333884297520661
1949-11-01,-1.33,-0.28760330578512394,-0.396,-0.21741322314049588,-0.767,-0.5401074380165288,-1.352,-0.3366776859504132
1949-12-01,-1.2,-0.29123966942148755,-0.331,-0.21579338842975207,-0.699,-0.5331404958677687,-1.013,-0.33978512396694216
1950-01-01,-1.05,-0.29454545454545455,-0.044,-0.21767768595041323,-1.317,-0.530809917355372,-0.986,-0.3397107438016529
1950-02-01,-1.5,-0.298099173553719,-0.554,-0.21778512396694216,-1.654,-0.5365867768595042,-1.354,-0.34154545454545454
1950-03-01,-1.07,-0.3008264462809917,-0.692,-0.2183719008264463,-1.346,-0.543892561983471,-1.131,-0.3452727272727273
1950-04-01,-0.91,-0.3021487603305785,-0.475,-0.2204297520661157,-1.402,-0.5595289256198346,-1.031,-0.34710743801652894
1950-05-01,-1.3,-0.3060330578512397,-0.309,-0.22344628099173552,-2.424,-0.5711735537190082,-1.438,-0.35266115702479334
1950-06-01,-0.86,-0.31214876033057853,-0.494,-0.22191735537190083,-1.798,-0.5864049586776859,-1.203,-0.3614297520661157
1950-07-01,-1.08,-0.3181818181818182,-0.348,-0.22089256198347107,-2.62,-0.6080578512396695,-1.603,-0.37000000000000005
1950-08-01,-0.63,-0.32066115702479336,-0.22,-0.22011570247933884,-1.74,-0.6304380165289256,-1.071,-0.3764710743801653
1950-09-01,-1.1,-0.32471074380165293,-0.631,-0.22079338842975207,-1.401,-0.6472644628099173,-1.287,-0.38416528925619836
1950-10-01,-0.83,-0.3310743801652893,-0.59,-0.22191735537190083,-1.328,-0.6702231404958678,-1.156,-0.39685950413223137
1950-11-01,-1.38,-0.3397520661157025,-0.227,-0.219900826446281,-1.106,-0.6876363636363636,-1.638,-0.40684297520661156
1950-12-01,-1.04,-0.34884297520661156,-0.027,-0.21970247933884302,-0.766,-0.6942396694214876,-1.039,-0.4168181818181818
1951-01-01,-1.13,-0.3545454545454546,0.256,-0.21782644628099174,-0.803,-0.6952479338842975,-1.064,-0.422702479338843
1951-02-01,-0.74,-0.3590082644628099,0.211,-0.2185619834710744,-1.14,-0.7011404958677685,-0.858,-0.4268099173553719
1951-03-01,-0.77,-0.3647107438016529,0.259,-0.21845454545454546,-1.29,-0.7245619834710744,-0.954,-0.4320661157024793
1951-04-01,-0.17,-0.3681818181818182,-0.513,-0.21906611570247936,-0.883,-0.7469669421487604,-0.486,-0.4386528925619835
1951-05-01,-0.1,-0.3690909090909091,-0.138,-0.21917355371900826,-0.648,-0.7631735537190083,-0.351,-0.4458099173553719
1951-06-01,-0.09,-0.37272727272727274,-0.19,-0.22845454545454547,-1.142,-0.777495867768595,-0.252,-0.45311570247933886
1951-07-01,0.66,-0.38173553719008263,-0.22,-0.2346776859504132,0.143,-0.7844462809917356,0.562,-0.4614297520661157
1951-08-01,0.9,-0.38867768595041324,0.124,-0.23974380165289255,-1.048,-0.7917107438016528,0.272,-0.46815702479338844
1951-09-01,0.67,-0.391900826446281,-0.005,-0.24774380165289256,-0.129,-0.7933388429752066,0.483,-0.47666115702479334
1951-10-01,0.79,-0.39603305785123966,-0.168,-0.25270247933884293,0.074,-0.8055619834710744,0.525,-0.4875289256198347
1951-11-01,0.78,-0.40429752066115704,0.123,-0.255495867768595,-0.145,-0.8161487603305786,0.739,-0.49568595041322316
1951-12-01,0.71,-0.407603305785124,-0.073,-0.2565289256198347,-1.321,-0.8142314049586777,0.346,-0.5032066115702479
1952-01-01,0.39,-0.4124793388429752,-0.069,-0.2580743801652893,-2.005,-0.8108429752066116,0.142,-0.5115289256198347
1952-02-01,0.24,-0.41768595041322315,0.08,-0.26035537190082647,-1.153,-0.8211157024793388,0.066,-0.518305785123967
1952-03-01,0.04,-0.41595041322314047,0.126,-0.26222314049586776,-1.49,-0.8294710743801653,0.029,-0.5204462809917356
1952-04-01,0.41,-0.41479338842975205,0.073,-0.26470247933884294,-1.498,-0.8387438016528925,0.116,-0.5256611570247934
1952-05-01,-0.38,-0.41049586776859504,-0.148,-0.26585950413223136,-1.393,-0.8407107438016529,-0.219,-0.5245041322314049
1952-06-01,-0.66,-0.40157024793388435,0.02,-0.27056198347107435,-1.647,-0.8298181818181818,-0.731,-0.5186115702479338
1952-07-01,-0.59,-0.39644628099173557,-0.43,-0.27404958677685953,-1.458,-0.8335619834710744,-0.694,-0.5187355371900826
1952-08-01,-0.42,-0.3866942148760331,-0.463,-0.27101652892561984,-0.814,-0.8373884297520661,-0.525,-0.5151983471074381
1952-09-01,-0.35,-0.37925619834710744,-0.607,-0.2687355371900827,-0.666,-0.8300247933884297,-0.374,-0.5085785123966943
1952-10-01,-0.04,-0.36446280991735536,-0.546,-0.2650413223140496,-0.322,-0.8216280991735537,-0.224,-0.4997685950413223
1952-11-01,-0.32,-0.3486776859504132,-0.171,-0.2622148760330579,-0.163,-0.8209834710743803,-0.498,-0.49047107438016524
1952-12-01,-0.55,-0.332892561983471,-0.03,-0.26164462809917355,-0.564,-0.8231983471074381,-0.36,-0.4790330578512397
1953-01-01,0.36,-0.3216528925619835,0.304,-0.2627272727272727,-0.091,-0.8186776859504132,0.291,-0.47257024793388436
1953-02-01,0.24,-0.31049586776859506,0.285,-0.262198347107438,-0.252,-0.8124380165289257,0.141,-0.46705785123966936
1953-03-01,0.22,-0.3053719008264462,0.188,-0.2640082644628099,-0.966,-0.804892561983471,0.127,-0.4639338842975207
1953-04-01,0.77,-0.30801652892561987,-0.054,-0.26708264462809916,-0.628,-0.7920082644628099,0.447,-0.4642066115702479
1953-05-01,0.35,-0.30743801652892566,0.316,-0.27033057851239667,-0.177,-0.7744380165289255,0.161,-0.4607933884297521
1953-06-01,0.41,-0.3075206611570248,-0.113,-0.2766859504132232,-0.179,-0.7509173553719007,0.302,-0.458801652892562
1953-07-01,0.2,-0.3076859504132231,-0.178,-0.2859586776859504,0.354,-0.744190082644628,0.194,-0.4585785123966942
1953-08-01,0.04,-0.3052066115702479,-0.231,-0.29415702479338846,-0.41,-0.7346280991735538,-0.005,-0.45533057851239667
1953-09-01,0.67,-0.30760330578512396,-0.24,-0.3011074380165289,-0.581,-0.7227438016528926,0.306,-0.45197520661157026
1953-10-01,0.11,-0.3076859504132231,-0.312,-0.30373553719008267,-0.845,-0.713107438016529,-0.151,-0.44916528925619836
1953-11-01,0.31,-0.30165289256198347,-0.136,-0.3068925619834711,-0.231,-0.6982479338842975,0.062,-0.44207438016528927
1953-12-01,0.15,-0.29669421487603304,-0.119,-0.30904132231404957,-0.023,-0.6832231404958677,-0.107,-0.4380495867768595
1954-01-01,0.39,-0.2962809917355372,-0.339,-0.30508264462809914,-0.774,-0.6595041322314049,-0.051,-0.43700826446280994
1954-02-01,0.21,-0.28834710743801656,-0.271,-0.30969421487603305,-0.605,-0.6356528925619834,-0.167,-0.4313553719008264
1954-03-01,0.01,-0.28834710743801656,-0.162,-0.3154876033057851,-0.732,-0.6135619834710744,-0.23,-0.4297520661157025
1954-04-01,-0.32,-0.2815702479338843,-0.009,-0.3174380165289256,-0.702,-0.6006198347107438,-0.552,-0.42398347107438017
1954-05-01,-0.53,-0.2832231404958678,-0.55,-0.3249338842975207,-0.211,-0.5889173553719008,-0.629,-0.423900826446281
1954-06-01,-0.8,-0.2853719008264463,-0.504,-0.3303388429752066,0.592,-0.5792314049586778,-0.578,-0.4235123966942149
1954-07-01,-1.02,-0.28173553719008265,-0.855,-0.3357768595041322,0.095,-0.5739834710743802,-0.621,-0.4215537190082645
1954-08-01,-1.08,-0.281900826446281,-0.631,-0.3432479338842975,0.148,-0.5665454545454546,-0.75,-0.42094214876033054
1954-09-01,-1.03,-0.28363636363636363,-0.718,-0.3502727272727273,-0.499,-0.559892561983471,-0.965,-0.41955371900826444
1954-10-01,-0.91,-0.2773553719008265,-0.836,-0.3543719008264463,0.4,-0.5431074380165288,-0.742,-0.410495867768595
1954-11-01,-1.17,-0.27280991735537197,-0.45,-0.35809090909090907,1.003,-0.5186942148760331,-0.83,-0.402099173553719
1954-12-01,-0.79,-0.2622314049586777,-0.053,-0.3577685950413223,0.461,-0.5045454545454545,-0.785,-0.3928842975206612
1955-01-01,-0.66,-0.25214876033057854,-0.049,-0.35698347107438017,-0.067,-0.49580165289256195,-0.553,-0.3852644628099174
1955-02-01,-0.79,-0.24545454545454548,-0.153,-0.3569752066115703,-0.649,-0.47909090909090907,-0.918,-0.37909917355371897
1955-03-01,-0.8,-0.23371900826446282,0.019,-0.3559752066115702,-0.909,-0.4617355371900827,-0.913,-0.3679917355371901
1955-04-01,-0.95,-0.22479338842975205,-0.044,-0.35641322314049584,-1.645,-0.4464214876033058,-1.268,-0.3585289256198347
1955-05-01,-1.23,-0.21685950413223143,-0.695,-0.3585867768595041,-1.435,-0.4295289256198347,-1.432,-0.3503801652892562
1955-06-01,-1.2,-0.2077685950413223,-0.387,-0.36166115702479334,-1.903,-0.40080991735537186,-1.407,-0.34061157024793387
1955-07-01,-1.32,-0.20272727272727273,-0.439,-0.36364462809917353,-2.218,-0.38669421487603306,-1.461,-0.33420661157024795
1955-08-01,-0.91,-0.193801652892562,-0.43,-0.3655950413223141,-1.946,-0.3640495867768595,-1.152,-0.32270247933884294
1955-09-01,-1.33,-0.18834710743801653,-0.738,-0.36858677685950414,-1.829,-0.35378512396694217,-1.431,-0.31581818181818183
1955-10-01,-1.59,-0.17983471074380164,-0.73,-0.3708595041322314,-2.564,-0.34167768595041326,-2.031,-0.30710743801652896
1955-11-01,-1.91,-0.17611570247933883,-0.269,-0.3726859504132231,-1.957,-0.3303553719008264,-1.864,-0.3008099173553719
1955-12-01,-1.52,-0.16454545454545455,-0.3,-0.3761074380165289,-1.64,-0.32036363636363635,-1.678,-0.2864297520661157
1956-01-01,-1.23,-0.15719008264462808,-0.101,-0.3770743801652892,-1.61,-0.3067685950413223,-1.394,-0.2768264462809917
1956-02-01,-0.98,-0.14752066115702478,-0.021,-0.3798512396694215,-1.643,-0.2928099173553719,-1.125,-0.2658181818181818
1956-03-01,-0.93,-0.1422314049586777,-0.001,-0.38260330578512397,-2.328,-0.27773553719008265,-1.093,-0.2584628099173554
1956-04-01,-0.78,-0.13479338842975208,-0.3,-0.38980165289256197,-2.007,-0.26305785123966946,-1.158,-0.25
1956-05-01,-0.59,-0.13347107438016528,-0.57,-0.3891818181818182,-1.241,-0.2575454545454545,-1.19,-0.24819008264462808
1956-06-01,-0.83,-0.13181818181818183,-0.826,-0.3880909090909091,-1.865,-0.2559504132231405,-1.34,-0.2468677685950413
1956-07-01,-0.94,-0.1337190082644628,-1.083,-0.38131404958677684,-1.227,-0.25205785123966945,-1.126,-0.25055371900826445
1956-08-01,-0.81,-0.1412396694214876,-0.772,-0.3730826446280992,-0.532,-0.2567603305785124,-0.918,-0.2601074380165289
1956-09-01,-0.91,-0.15297520661157024,-0.803,-0.3695289256198347,-0.039,-0.25413223140495866,-0.968,-0.26859504132231404
1956-10-01,-0.69,-0.1643801652892562,-0.672,-0.36571074380165286,-1.23,-0.26349586776859507,-1.149,-0.28027272727272723
1956-11-01,-1.01,-0.17247933884297523,-0.516,-0.36165289256198346,-1.884,-0.2715537190082644,-1.298,-0.2885619834710744
1956-12-01,-0.58,-0.1813223140495868,-0.151,-0.36009917355371895,-1.005,-0.28232231404958674,-0.8,-0.30026446280991737
1957-01-01,-0.56,-0.18925619834710747,-0.437,-0.3552644628099173,-1.018,-0.2784297520661157,-0.649,-0.3075371900826446
1957-02-01,-0.24,-0.193801652892562,-0.564,-0.350198347107438,-1.22,-0.26708264462809916,-0.376,-0.3121404958677686
1957-03-01,0.08,-0.19917355371900827,-0.197,-0.3479173553719008,-0.55,-0.26340495867768593,-0.016,-0.31821487603305787
1957-04-01,0.42,-0.20214876033057852,-0.3,-0.3491157024793388,-0.417,-0.25592561983471074,0.128,-0.3243388429752066
1957-05-01,0.45,-0.2090082644628099,-0.326,-0.352900826446281,0.226,-0.2510413223140496,0.182,-0.33207438016528923
1957-06-01,0.53,-0.20768595041322313,-0.465,-0.3554628099173554,1.313,-0.2519586776859504,0.463,-0.33707438016528923
1957-07-01,0.69,-0.20471074380165288,-0.488,-0.359495867768595,0.498,-0.25027272727272726,0.579,-0.33670247933884295
1957-08-01,0.79,-0.20090909090909093,-0.266,-0.35844628099173553,0.273,-0.2424628099173554,0.405,-0.33442148760330576
1957-09-01,0.53,-0.20206611570247934,-0.383,-0.3561570247933884,1.691,-0.24507438016528926,0.578,-0.33708264462809917
1957-10-01,0.74,-0.201900826446281,-0.523,-0.35384297520661157,1.591,-0.25055371900826445,0.784,-0.34046280991735534
1957-11-01,1.09,-0.20512396694214877,-0.482,-0.35109090909090906,1.493,-0.24988429752066116,0.861,-0.34311570247933887
1957-12-01,1.18,-0.2065289256198347,-0.25,-0.35026446280991735,0.405,-0.25027272727272726,0.892,-0.34335537190082643
1958-01-01,1.54,-0.20462809917355373,-0.396,-0.347297520661157,0.706,-0.24452066115702478,1.174,-0.34212396694214875
1958-02-01,1.4,-0.20975206611570246,-0.234,-0.34654545454545455,0.872,-0.24111570247933886,0.955,-0.3458099173553719
1958-03-01,0.99,-0.21223140495867768,-0.374,-0.3472396694214876,0.683,-0.23949586776859502,0.591,-0.3473057851239669
1958-04-01,0.31,-0.21454545454545454,-0.348,-0.34929752066115705,0.675,-0.23158677685950413,0.254,-0.3484710743801653
1958-05-01,0.32,-0.22090909090909092,-0.496,-0.3515289256198347,1.393,-0.23367768595041322,0.394,-0.3541157024793388
1958-06-01,0.3,-0.22280991735537187,-0.854,-0.3561900826446281,1.548,-0.2373388429752066,0.272,-0.3572314049586777
1958-07-01,0.04,-0.2202479338842975,-1.063,-0.353504132231405,0.785,-0.24376859504132234,0.112,-0.3589504132231405
1958-08-01,0.24,-0.2144628099173554,-1.26,-0.3481239669421488,1.169,-0.2525123966942149,0.362,-0.358099173553719
1958-09-01,-0.31,-0.20942148760330578,-1.303,-0.34554545454545454,0.922,-0.2403719008264463,0.031,-0.354297520661157
1958-10-01,-0.03,-0.2080165289256198,-0.966,-0.33999173553719003,0.398,-0.2335206611570248,-0.029,-0.35149586776859504
1958-11-01,0.05,-0.2027272727272727,-0.674,-0.3347768595041323,0.407,-0.22965289256198348,0.178,-0.34582644628099174
1958-12-01,0.3,-0.19661157024793388,-0.639,-0.33414049586776856,1.074,-0.22511570247933885,0.36,-0.3399586776859504
1959-01-01,0.43,-0.1915702479338843,-0.027,-0.3369669421487603,1.075,-0.22243801652892561,0.26,-0.33450413223140496
1959-02-01,0.5,-0.1902479338842975,-0.531,-0.3398842975206611,0.541,-0.21492561983471076,0.103,-0.3328842975206611
1959-03-01,0.26,-0.19330578512396696,-0.524,-0.34022314049586777,0.058,-0.21410743801652893,-0.018,-0.3337438016528926
1959-04-01,0.27,-0.1977685950413223,-0.357,-0.34073553719008265,0.119,-0.21484297520661155,0.047,-0.3368512396694215
1959-05-01,-0.01,-0.20123966942148758,-0.742,-0.34495867768595045,0.208,-0.22317355371900827,-0.067,-0.3406528925619835
1959-06-01,-0.33,-0.2041322314049587,-0.745,-0.34325619834710747,0.254,-0.22543801652892562,-0.177,-0.3426859504132232
1959-07-01,-0.28,-0.20289256198347108,-0.667,-0.3459421487603305,-0.118,-0.23611570247933886,-0.259,-0.3443305785123966
1959-08-01,-0.41,-0.20074380165289255,-0.913,-0.3445206611570248,0.002,-0.2461487603305785,-0.288,-0.3487272727272728
1959-09-01,-0.53,-0.19950413223140495,-0.839,-0.3474132231404959,-0.182,-0.25446280991735537,-0.323,-0.3503801652892562
1959-10-01,0.11,-0.19925619834710745,-0.586,-0.3499669421487603,1.083,-0.25341322314049586,0.088,-0.3505537190082645
1959-11-01,-0.17,-0.20082644628099175,-0.574,-0.34540495867768595,1.38,-0.2602231404958678,-0.094,-0.3509421487603306
1959-12-01,-0.05,-0.19999999999999998,-0.357,-0.34319008264462814,0.945,-0.2720413223140496,-0.237,-0.3502892561983471
1960-01-01,0.02,-0.19818181818181818,-0.236,-0.3454876033057851,0.359,-0.2819752066115703,-0.091,-0.3467603305785124
1960-02-01,-0.24,-0.19570247933884297,-0.043,-0.34877685950413223,0.705,-0.2842396694214876,-0.24,-0.34281818181818186
1960-03-01,-0.08,-0.19198347107438016,-0.433,-0.3490495867768595,0.446,-0.2784462809917355,-0.01,-0.3348677685950413
1960-04-01,0.01,-0.18611570247933884,-0.745,-0.35156198347107437,0.507,-0.26975206611570246,0.014,-0.32485123966942153
1960-05-01,0.05,-0.17669421487603307,-0.738,-0.3556611570247934,0.642,-0.2584462809917355,-0.045,-0.31039669421487603
1960-06-01,-0.2,-0.1628099173553719,-0.681,-0.3539421487603306,1.051,-0.25082644628099177,-0.256,-0.29498347107438017
1960-07-01,-0.25,-0.14619834710743804,-0.734,-0.3546528925619835,-0.09,-0.23910743801652895,-0.428,-0.27812396694214875
1960-08-01,-0.0,-0.12495867768595043,-0.584,-0.35306611570247937,0.12,-0.21642975206611573,-0.211,-0.25739669421487604
1960-09-01,0.03,-0.10702479338842974,-0.582,-0.3511404958677686,-0.498,-0.19164462809917354,-0.238,-0.23889256198347109
1960-10-01,-0.07,-0.08272727272727272,-0.906,-0.344900826446281,0.064,-0.17118181818181818,-0.233,-0.21683471074380167
1960-11-01,-0.38,-0.0568595041322314,-0.811,-0.34072727272727266,0.042,-0.14537190082644627,-0.394,-0.18914049586776863
1960-12-01,0.02,-0.029090909090909084,-0.641,-0.340900826446281,0.103,-0.12739669421487604,0.102,-0.16407438016528927
1961-01-01,-0.15,-0.007190082644628096,-0.144,-0.34033884297520667,0.879,-0.11820661157024794,0.123,-0.1426115702479339
1961-02-01,0.04,0.009834710743801656,-0.08,-0.3408512396694215,0.886,-0.10678512396694216,0.268,-0.12666115702479339
1961-03-01,-0.1,0.024793388429752067,-0.122,-0.3434958677685951,0.684,-0.09843801652892561,0.032,-0.1143801652892562
1961-04-01,0.13,0.036942148760330584,-0.612,-0.3470826446280992,0.486,-0.079900826446281,0.07,-0.1030909090909091
1961-05-01,-0.01,0.04289256198347108,-0.438,-0.348099173553719,-0.216,-0.06605785123966944,-0.267,-0.09321487603305785
1961-06-01,0.1,0.04892561983471075,-0.006,-0.34437190082644625,-0.455,-0.05452892561983472,-0.191,-0.08184297520661156
1961-07-01,-0.32,0.05768595041322314,0.63,-0.33757851239669423,-0.671,-0.038140495867768597,-0.698,-0.06842148760330577
1961-08-01,-0.25,0.06462809917355372,0.776,-0.32756198347107435,-0.426,-0.02716528925619835,-0.594,-0.057157024793388425
1961-09-01,-0.52,0.07090909090909091,0.554,-0.32033884297520665,-0.73,-0.022347107438016534,-0.755,-0.04883471074380164
1961-10-01,-0.71,0.07801652892561985,0.457,-0.31621487603305787,-1.262,-0.023545454545454546,-0.93,-0.04054545454545454
1961-11-01,-0.19,0.08066115702479339,0.323,-0.31364462809917354,-0.901,-0.016024793388429756,-0.478,-0.031
1961-12-01,-0.29,0.0868595041322314,0.311,-0.3113305785123967,-1.448,-0.0009256198347107492,-0.677,-0.020404958677685946
1962-01-01,-0.25,0.08710743801652891,0.512,-0.3120330578512397,-0.85,0.006115702479338837,-0.534,-0.016388429752066114
1962-02-01,-0.16,0.08710743801652893,0.544,-0.30902479338842975,-0.632,0.013553719008264457,-0.415,-0.014942148760330575
1962-03-01,-0.41,0.08520661157024793,0.356,-0.3023140495867768,-0.708,0.019438016528925614,-0.669,-0.016148760330578507
1962-04-01,-0.32,0.08016528925619835,-0.019,-0.3028595041322314,-0.585,0.017752066115702472,-0.712,-0.019347107438016528
1962-05-01,-0.42,0.0747107438016529,-0.385,-0.3017438016528926,-0.907,0.012049586776859498,-0.82,-0.023280991735537184
1962-06-01,-0.22,0.06999999999999999,-0.458,-0.2986859504132231,-1.504,0.002975206611570242,-0.824,-0.027380165289256197
1962-07-01,-0.3,0.06479338842975206,-0.468,-0.29368595041322315,-1.443,-0.013123966942148764,-0.686,-0.0352892561983471
1962-08-01,-0.13,0.05652892561983471,-0.303,-0.2885785123966942,-0.513,-0.02435537190082645,-0.418,-0.04692561983471073
1962-09-01,-0.56,0.04512396694214876,-0.186,-0.28518181818181815,-1.13,-0.0285206611570248,-0.847,-0.057256198347107434
1962-10-01,-0.33,0.03760330578512396,-0.327,-0.28070247933884296,-1.329,-0.04215702479338844,-0.783,-0.0689504132231405
1962-11-01,-0.43,0.028677685950413225,-0.213,-0.27619008264462813,-0.241,-0.05326446280991736,-0.545,-0.07991735537190083
1962-12-01,-0.49,0.01677685950413223,-0.071,-0.2717603305785124,-0.21,-0.0709917355371901,-0.527,-0.09118181818181818
1963-01-01,-0.32,0.002066115702479339,0.329,-0.2679338842975207,0.132,-0.07887603305785125,-0.211,-0.10385950413223141
1963-02-01,-0.26,-0.016776859504132234,0.395,-0.261900826446281,0.321,-0.0855619834710744,-0.155,-0.11783471074380164
1963-03-01,-0.06,-0.034628099173553716,0.201,-0.25869421487603306,-0.056,-0.09114876033057853,-0.04,-0.13176033057851239
1963-04-01,-0.06,-0.04669421487603306,-0.061,-0.255,-0.009,-0.09945454545454546,-0.014,-0.14189256198347108
1963-05-01,-0.0,-0.05289256198347107,-0.324,-0.2531404958677686,-0.881,-0.10750413223140497,-0.236,-0.14951239669421487
1963-06-01,0.12,-0.053966942148760334,-0.248,-0.2482892561983471,-0.62,-0.11644628099173555,-0.216,-0.15439669421487603
1963-07-01,0.72,-0.05388429752066115,0.212,-0.24553719008264463,-0.957,-0.12332231404958678,0.094,-0.15725619834710747
1963-08-01,0.9,-0.05148760330578512,0.473,-0.24051239669421484,-0.704,-0.12752892561983473,0.297,-0.15872727272727272
1963-09-01,0.65,-0.05305785123966942,0.081,-0.23616528925619834,1.059,-0.13335537190082647,0.455,-0.16186776859504134
1963-10-01,0.84,-0.04785123966942148,0.432,-0.22978512396694215,0.248,-0.13932231404958678,0.645,-0.16050413223140494
1963-11-01,0.75,-0.04132231404958678,0.319,-0.22555371900826449,-0.377,-0.14031404958677687,0.535,-0.1568512396694215
1963-12-01,1.05,-0.035454545454545454,-0.059,-0.22174380165289256,0.318,-0.1427107438016529,0.772,-0.15346280991735536
1964-01-01,0.76,-0.03049586776859504,-0.461,-0.21780165289256198,0.301,-0.15421487603305786,0.553,-0.15215702479338844
1964-02-01,0.55,-0.0256198347107438,-0.692,-0.21893388429752067,0.135,-0.16964462809917355,0.145,-0.14992561983471073
1964-03-01,-0.16,-0.024710743801652894,-0.312,-0.21404958677685948,-0.506,-0.18065289256198347,-0.271,-0.1482892561983471
1964-04-01,-0.53,-0.024132231404958678,-0.224,-0.2101404958677686,-0.821,-0.1871900826446281,-0.606,-0.14680165289256197
1964-05-01,-0.74,-0.023140495867768594,-0.52,-0.20856198347107438,-1.71,-0.19300826446280994,-1.012,-0.14537190082644627
1964-06-01,-0.88,-0.020909090909090912,-0.344,-0.20760330578512395,-0.485,-0.18581818181818183,-0.875,-0.14197520661157023
1964-07-01,-0.65,-0.017355371900826446,-0.829,-0.2048099173553719,-0.7,-0.1874710743801653,-0.777,-0.1389421487603306
1964-08-01,-0.76,-0.01074380165289256,-0.683,-0.2021900826446281,-1.119,-0.18936363636363637,-1.153,-0.13368595041322312
1964-09-01,-0.93,-0.0034710743801652888,-0.981,-0.19669421487603306,-0.858,-0.19390909090909092,-0.95,-0.1282479338842975
1964-10-01,-1.0,0.006363636363636365,-1.027,-0.1914132231404959,-0.372,-0.18311570247933884,-0.986,-0.11884297520661156
1964-11-01,-1.1,0.011652892561983472,-0.284,-0.18660330578512394,-0.424,-0.18582644628099176,-0.789,-0.11307438016528926
1964-12-01,-1.07,0.018677685950413227,-0.182,-0.18256198347107438,-0.427,-0.18812396694214878,-0.751,-0.10684297520661158
1965-01-01,-0.57,0.02363636363636364,-0.331,-0.17715702479338843,-0.741,-0.1867520661157025,-0.358,-0.10087603305785124
1965-02-01,-0.36,0.02644628099173554,-0.447,-0.17251239669421486,-0.341,-0.18051239669421487,-0.076,-0.09747933884297519
1965-03-01,-0.34,0.030578512396694218,-0.186,-0.17159504132231407,0.052,-0.17630578512396697,0.044,-0.09430578512396694
1965-04-01,-0.09,0.03272727272727273,-0.285,-0.16620661157024794,0.143,-0.17645454545454545,0.299,-0.0955289256198347
1965-05-01,0.19,0.03272727272727273,-0.54,-0.15854545454545454,-0.277,-0.18516528925619835,0.481,-0.09856198347107438
1965-06-01,0.45,0.029834710743801656,-0.487,-0.15562809917355372,-0.513,-0.18990909090909092,0.433,-0.10213223140495868
1965-07-01,0.81,0.02338842975206612,-0.473,-0.1547107438016529,-0.485,-0.20290082644628102,0.633,-0.1088099173553719
1965-08-01,1.25,0.01760330578512397,-0.247,-0.15154545454545457,0.526,-0.21218181818181817,1.047,-0.11528099173553719
1965-09-01,1.26,0.011157024793388435,-0.197,-0.1516776859504132,1.053,-0.22203305785123967,1.087,-0.12195041322314049
1965-10-01,1.61,0.005537190082644629,0.017,-0.15214049586776862,0.647,-0.22395041322314052,1.238,-0.12831404958677686
1965-11-01,1.54,-0.0009090909090909071,-0.225,-0.1471900826446281,0.559,-0.22896694214876032,1.32,-0.1350909090909091
1965-12-01,1.45,-0.0069421487603305776,-0.29,-0.1424297520661157,0.218,-0.23524793388429752,1.169,-0.14210743801652892
1966-01-01,1.13,-0.01925619834710744,-0.232,-0.13549586776859504,-0.528,-0.24427272727272728,0.919,-0.15502479338842975
1966-02-01,0.83,-0.02859504132231405,-0.163,-0.13419834710743803,-0.228,-0.2598099173553719,0.536,-0.16802479338842974
1966-03-01,0.83,-0.03958677685950413,-0.341,-0.13181818181818183,-0.633,-0.2756363636363636,0.361,-0.18088429752066115
1966-04-01,0.54,-0.046776859504132226,-0.435,-0.12882644628099174,-0.085,-0.29127272727272735,0.273,-0.18994214876033058
1966-05-01,-0.06,-0.05462809917355372,-0.423,-0.1243801652892562,-0.332,-0.30569421487603304,0.037,-0.19957024793388428
1966-06-01,0.14,-0.06099173553719008,-0.119,-0.12271074380165288,0.154,-0.31617355371900824,0.186,-0.2074876033057851
1966-07-01,0.23,-0.06710743801652894,-0.004,-0.12558677685950412,0.118,-0.32808264462809916,0.284,-0.21617355371900826
1966-08-01,-0.1,-0.06983471074380165,0.129,-0.13531404958677687,0.101,-0.32409917355371903,0.237,-0.21982644628099174
1966-09-01,-0.05,-0.07396694214876033,0.102,-0.14789256198347106,0.051,-0.32016528925619836,0.089,-0.22311570247933885
1966-10-01,-0.05,-0.07611570247933885,-0.304,-0.1576694214876033,-0.184,-0.315404958677686,0.035,-0.22611570247933885
1966-11-01,-0.37,-0.07727272727272727,-0.361,-0.16130578512396695,-0.32,-0.31311570247933884,0.006,-0.22802479338842974
1966-12-01,-0.26,-0.08305785123966943,-0.236,-0.16219834710743802,-0.057,-0.31822314049586775,-0.016,-0.23326446280991736
1967-01-01,-0.55,-0.08545454545454545,-0.236,-0.16358677685950412,-0.153,-0.3200909090909091,-0.314,-0.23213223140495867
1967-02-01,-0.56,-0.08520661157024793,-0.073,-0.16960330578512395,-0.118,-0.3257107438016528,-0.474,-0.22918181818181815
1967-03-01,-0.47,-0.0859504132231405,0.248,-0.17384297520661157,-0.508,-0.32969421487603306,-0.522,-0.22783471074380165
1967-04-01,-0.53,-0.08082644628099174,-0.263,-0.17570247933884295,-0.754,-0.33404958677685953,-0.403,-0.2212561983471074
1967-05-01,-0.24,-0.07545454545454545,-0.165,-0.17424793388429752,-1.107,-0.3424628099173554,-0.348,-0.21423140495867768
1967-06-01,-0.12,-0.06652892561983471,0.044,-0.16495867768595038,-0.872,-0.34661157024793393,-0.314,-0.20368595041322315
1967-07-01,-0.1,-0.05785123966942149,0.14,-0.15532231404958677,-0.635,-0.34221487603305784,-0.494,-0.1924214876033058
1967-08-01,-0.31,-0.04462809917355372,0.13,-0.1472314049586777,-0.861,-0.32815702479338843,-0.829,-0.178801652892562
1967-09-01,-0.59,-0.03371900826446281,0.145,-0.14172727272727273,-0.231,-0.3219090909090909,-0.845,-0.16871074380165288
1967-10-01,-0.38,-0.01446280991735537,0.159,-0.1374876033057851,0.041,-0.31153719008264463,-0.837,-0.1521818181818182
1967-11-01,-0.34,0.0037190082644628134,0.023,-0.12923966942148762,0.247,-0.2994545454545455,-0.543,-0.137099173553719
1967-12-01,-0.35,0.025371900826446282,0.054,-0.12353719008264463,-0.652,-0.29983471074380164,-0.502,-0.120900826446281
1968-01-01,-0.6,0.042644628099173555,0.213,-0.12259504132231405,-0.549,-0.29865289256198346,-0.642,-0.107900826446281
1968-02-01,-0.74,0.05421487603305786,0.334,-0.1259504132231405,-0.103,-0.3019504132231404,-0.517,-0.10312396694214876
1968-03-01,-0.76,0.061157024793388436,0.154,-0.12922314049586775,0.196,-0.3089090909090909,-0.73,-0.10124793388429754
1968-04-01,-0.47,0.06107438016528926,0.073,-0.13185123966942147,-0.322,-0.3152314049586777,-0.635,-0.10406611570247934
1968-05-01,-0.44,0.05694214876033058,-0.123,-0.13064462809917354,-0.299,-0.32356198347107434,-0.668,-0.10938842975206613
1968-06-01,0.19,0.04983471074380166,0.091,-0.12982644628099174,0.311,-0.3244462809917355,-0.197,-0.11484297520661156
1968-07-01,0.31,0.0394214876033058,-0.521,-0.13186776859504135,0.716,-0.32517355371900825,-0.074,-0.12180165289256198
1968-08-01,0.33,0.023471074380165293,-0.455,-0.1386363636363636,0.276,-0.3233636363636363,-0.066,-0.13265289256198345
1968-09-01,0.05,0.00446280991735538,-0.734,-0.14893388429752066,0.464,-0.32060330578512397,-0.018,-0.14663636363636365
1968-10-01,0.32,-0.013966942148760325,-0.531,-0.15331404958677688,0.2,-0.3350247933884298,0.196,-0.16284297520661156
1968-11-01,0.76,-0.03801652892561983,-0.454,-0.15818181818181817,0.278,-0.3447520661157025,0.413,-0.18262809917355372
1968-12-01,0.76,-0.06223140495867768,-0.213,-0.1604297520661157,0.117,-0.3473388429752066,0.588,-0.2021900826446281
1969-01-01,0.9,-0.08760330578512394,-0.162,-0.15763636363636366,-0.318,-0.35440495867768596,0.518,-0.22238016528925622
1969-02-01,1.02,-0.10628099173553719,-0.164,-0.1525371900826446,-0.792,-0.36499173553719005,0.53,-0.2389504132231405
1969-03-01,0.61,-0.12272727272727271,0.06,-0.14476033057851237,-0.791,-0.373,0.301,-0.2494297520661157
1969-04-01,0.33,-0.1296694214876033,-0.051,-0.14261983471074383,-0.733,-0.37190909090909097,0.162,-0.25397520661157025
1969-05-01,0.39,-0.1318181818181818,-0.166,-0.14274380165289258,-0.585,-0.368694214876033,0.22,-0.2543719008264463
1969-06-01,0.26,-0.1314876033057851,-0.626,-0.1386694214876033,1.078,-0.3572561983471074,0.344,-0.2516280991735537
1969-07-01,0.1,-0.12958677685950412,-0.407,-0.13788429752066117,0.054,-0.35169421487603303,0.19,-0.2499917355371901
1969-08-01,0.52,-0.1268595041322314,-0.35,-0.1351404958677686,-0.347,-0.34421487603305784,0.377,-0.24802479338842975
1969-09-01,0.47,-0.12347107438016529,-0.248,-0.1349586776859504,-0.548,-0.3276446280991736,0.37,-0.2448595041322314
1969-10-01,0.66,-0.12198347107438015,-0.2,-0.13383471074380165,1.124,-0.31697520661157025,0.815,-0.24517355371900826
1969-11-01,0.75,-0.12165289256198346,-0.004,-0.12990082644628098,0.755,-0.308595041322314,0.786,-0.24462809917355371
1969-12-01,0.68,-0.11966942148760329,-0.085,-0.1305289256198347,1.102,-0.30311570247933883,0.66,-0.24602479338842978
1970-01-01,0.55,-0.11388429752066113,0.297,-0.13205785123966943,1.111,-0.3029834710743802,0.485,-0.2464380165289256
1970-02-01,0.36,-0.11190082644628097,0.326,-0.1313801652892562,1.114,-0.30161983471074383,0.32,-0.24756198347107436
1970-03-01,0.26,-0.11380165289256199,0.068,-0.1315206611570248,1.214,-0.3046363636363636,0.144,-0.2535619834710744
1970-04-01,0.18,-0.11586776859504132,0.219,-0.12926446280991735,0.428,-0.31580991735537184,-0.158,-0.26047107438016526
1970-05-01,0.01,-0.12338842975206611,0.182,-0.12636363636363637,-0.547,-0.3299504132231405,-0.353,-0.27295867768595045
1970-06-01,-0.3,-0.13528925619834709,-0.385,-0.12144628099173554,0.068,-0.3374462809917355,-0.477,-0.286801652892562
1970-07-01,-0.98,-0.14925619834710743,-0.57,-0.11774380165289255,-0.521,-0.33782644628099173,-1.064,-0.29980991735537194
1970-08-01,-0.95,-0.16553719008264464,-0.351,-0.11667768595041322,-1.213,-0.34056198347107436,-1.211,-0.3150578512396694
1970-09-01,-0.78,-0.18776859504132232,-0.6,-0.12171900826446282,-1.072,-0.35134710743801656,-1.018,-0.33601652892561984
1970-10-01,-0.65,-0.2103305785123967,-0.638,-0.1288181818181818,-0.73,-0.3682066115702479,-1.008,-0.3587355371900826
1970-11-01,-0.85,-0.23570247933884295,-0.307,-0.1316694214876033,-0.543,-0.38381818181818184,-1.053,-0.3820743801652893
1970-12-01,-1.11,-0.26198347107438014,-0.235,-0.13121487603305784,-0.718,-0.39825619834710746,-1.243,-0.4070578512396694
1971-01-01,-1.47,-0.2888429752066115,0.198,-0.12877685950413223,-0.989,-0.4070082644628099,-1.461,-0.4295206611570248
1971-02-01,-1.28,-0.30685950413223145,0.013,-0.12622314049586777,-1.001,-0.40920661157024796,-1.45,-0.44487603305785123
1971-03-01,-1.29,-0.3193388429752066,0.208,-0.12471074380165291,-1.029,-0.41510743801652894,-1.288,-0.45571074380165294
1971-04-01,-0.97,-0.3296694214876033,0.24,-0.12088429752066115,-1.208,-0.4183636363636364,-1.064,-0.46406611570247935
1971-05-01,-0.82,-0.33818181818181814,-0.074,-0.11732231404958678,-1.259,-0.42423140495867767,-1.095,-0.4703471074380165
1971-06-01,-0.78,-0.3376859504132231,-0.236,-0.11077685950413223,-1.484,-0.42998347107438023,-1.225,-0.4715289256198347
1971-07-01,-0.64,-0.33760330578512393,-0.354,-0.10488429752066115,-1.896,-0.42821487603305786,-1.242,-0.4711404958677686
1971-08-01,-0.65,-0.33694214876033063,-0.547,-0.10396694214876033,-0.189,-0.4207355371900826,-1.14,-0.4701322314049587
1971-09-01,-0.75,-0.33140495867768593,-0.746,-0.10675206611570248,0.05,-0.4155206611570248,-0.992,-0.467404958677686
1971-10-01,-0.78,-0.3238842975206611,-0.629,-0.10950413223140495,-0.154,-0.40573553719008265,-1.118,-0.4615206611570248
1971-11-01,-0.85,-0.316198347107438,0.017,-0.10848760330578512,-0.985,-0.39417355371900825,-1.161,-0.4553223140495868
1971-12-01,-0.89,-0.30785123966942146,0.215,-0.10527272727272728,-1.519,-0.38351239669421483,-1.112,-0.45133057851239666
1972-01-01,-0.58,-0.29876033057851237,0.143,-0.10334710743801653,-1.674,-0.37435537190082646,-0.54,-0.4449669421487603
1972-02-01,-0.22,-0.2896694214876033,-0.216,-0.10355371900826446,-1.53,-0.3619421487603306,-0.177,-0.43802479338842976
1972-03-01,-0.25,-0.2817355371900826,0.031,-0.10151239669421488,-1.114,-0.3552727272727273,-0.252,-0.4318347107438017
1972-04-01,0.21,-0.2799173553719008,0.131,-0.10380165289256199,-1.235,-0.35045454545454546,0.127,-0.43026446280991737
1972-05-01,0.33,-0.2757851239669422,0.157,-0.10444628099173553,-1.603,-0.3450909090909091,0.138,-0.427396694214876
1972-06-01,0.66,-0.2708264462809918,0.739,-0.10386776859504132,-1.409,-0.3335289256198347,0.456,-0.4217107438016529
1972-07-01,0.83,-0.2661157024793388,0.708,-0.10564462809917355,-0.972,-0.32316528925619836,0.539,-0.41569421487603303
1972-08-01,1.3,-0.26322314049586776,0.511,-0.10895041322314049,0.258,-0.31370247933884304,0.962,-0.40947933884297516
1972-09-01,1.19,-0.25702479338842976,0.363,-0.11216528925619834,0.243,-0.3073719008264463,0.803,-0.40050413223140496
1972-10-01,1.77,-0.24479338842975204,0.327,-0.11133884297520662,0.125,-0.3082479338842975,1.153,-0.38931404958677684
1972-11-01,1.87,-0.2331404958677686,0.671,-0.11370247933884296,0.133,-0.3084710743801653,1.042,-0.3762727272727273
1972-12-01,2.19,-0.2213223140495868,0.477,-0.11405785123966942,-0.287,-0.3092809917355372,1.415,-0.36621487603305786
1973-01-01,1.6,-0.21247933884297518,0.043,-0.11979338842975205,-0.067,-0.29802479338842974,1.046,-0.3562644628099174
1973-02-01,1.08,-0.20330578512396694,-0.077,-0.12593388429752067,-0.267,-0.2858429752066116,0.367,-0.3472479338842975
1973-03-01,0.58,-0.19669421487603303,-0.001,-0.13350413223140495,-0.521,-0.2741900826446281,0.072,-0.34045454545454545
1973-04-01,-0.07,-0.19347107438016525,-0.117,-0.13654545454545453,-0.821,-0.2661818181818182,-0.381,-0.33475206611570246
1973-05-01,-0.56,-0.19363636363636363,0.085,-0.14155371900826447,-1.017,-0.2550330578512397,-0.658,-0.3300909090909091
1973-06-01,-0.86,-0.19371900826446278,-0.225,-0.14197520661157023,-0.988,-0.2478099173553719,-0.896,-0.3269917355371901
1973-07-01,-1.14,-0.19925619834710742,-0.495,-0.14361157024793386,-0.708,-0.25699173553719007,-1.058,-0.3297768595041322
1973-08-01,-1.21,-0.20694214876033054,-0.607,-0.1411570247933884,-0.738,-0.2654297520661157,-1.219,-0.33385950413223137
1973-09-01,-1.4,-0.21462809917355372,-0.773,-0.1395537190082645,-0.37,-0.2705867768595041,-1.395,-0.3372727272727272
1973-10-01,-1.58,-0.2178512396694215,-0.449,-0.13763636363636364,-0.686,-0.2716859504132232,-1.506,-0.33740495867768594
1973-11-01,-2.07,-0.22173553719008263,-0.157,-0.13703305785123968,-0.929,-0.27122314049586776,-1.749,-0.3376363636363636
1973-12-01,-2.18,-0.22743801652892562,0.047,-0.1354297520661157,-0.69,-0.27586776859504136,-1.832,-0.34056198347107436
1974-01-01,-2.02,-0.23330578512396694,0.279,-0.1310495867768595,-0.537,-0.2768181818181818,-1.671,-0.3454132231404959
1974-02-01,-1.5,-0.24,0.156,-0.13101652892561982,-0.98,-0.2805123966942149,-1.452,-0.35100000000000003
1974-03-01,-1.44,-0.2473553719008264,0.249,-0.12994214876033058,-0.834,-0.27581818181818185,-1.123,-0.3572809917355372
1974-04-01,-1.0,-0.25099173553719006,-0.053,-0.1321487603305785,-0.374,-0.2676694214876033,-0.821,-0.3590578512396694
1974-05-01,-0.79,-0.25446280991735537,-0.239,-0.13539669421487605,-0.432,-0.2546694214876033,-0.654,-0.3590826446280992
1974-06-01,-0.7,-0.25735537190082647,-0.027,-0.1331322314049587,-0.326,-0.2459090909090909,-0.68,-0.3598925619834711
1974-07-01,-0.65,-0.2611570247933884,-0.249,-0.1305619834710744,0.188,-0.24963636363636363,-0.677,-0.3626198347107438
1974-08-01,-0.32,-0.2602479338842975,-0.497,-0.12906611570247933,0.205,-0.24620661157024792,-0.539,-0.3634876033057851
1974-09-01,-0.35,-0.2605785123966942,-0.661,-0.12848760330578513,0.886,-0.23402479338842974,-0.77,-0.36393388429752066
1974-10-01,-0.75,-0.2618181818181818,-0.845,-0.12903305785123967,0.433,-0.21873553719008265,-0.988,-0.36410743801652895
1974-11-01,-0.96,-0.2643801652892562,-0.551,-0.12945454545454546,0.642,-0.22137190082644628,-0.92,-0.36865289256198347
1974-12-01,-0.86,-0.2648760330578513,-0.36,-0.13025619834710744,0.239,-0.22448760330578513,-0.958,-0.3712644628099174
1975-01-01,-0.37,-0.2659504132231405,-0.367,-0.1308595041322314,-0.411,-0.2306198347107438,-0.801,-0.3729256198347108
1975-02-01,-0.33,-0.2677685950413223,-0.249,-0.13496694214876032,-0.576,-0.2326694214876033,-0.494,-0.3740413223140496
1975-03-01,-0.59,-0.26999999999999996,-0.464,-0.14110743801652895,-0.706,-0.2352892561983471,-0.802,-0.37421487603305786
1975-04-01,-0.59,-0.270495867768595,0.087,-0.14245454545454547,-1.3,-0.2368677685950413,-0.792,-0.37165289256198347
1975-05-01,-1.0,-0.27090909090909093,0.066,-0.14480991735537188,-1.568,-0.23184297520661157,-1.212,-0.3666611570247934
1975-06-01,-1.25,-0.2679338842975207,0.055,-0.1494710743801653,-1.184,-0.23054545454545455,-1.194,-0.3621652892561983
1975-07-01,-1.24,-0.26528925619834703,-0.039,-0.15175206611570247,-0.559,-0.2302809917355372,-1.141,-0.357504132231405
1975-08-01,-1.16,-0.2590909090909091,-0.344,-0.15383471074380167,-0.816,-0.22445454545454543,-1.212,-0.34781818181818186
1975-09-01,-1.44,-0.2522314049586777,-0.857,-0.1570909090909091,-0.779,-0.21309917355371902,-1.489,-0.3369338842975207
1975-10-01,-1.47,-0.24669421487603305,-1.056,-0.15756198347107436,-0.987,-0.19378512396694214,-1.662,-0.32680991735537196
1975-11-01,-1.46,-0.24049586776859505,-0.328,-0.15573553719008265,-1.242,-0.18052892561983472,-1.586,-0.31546280991735537
1975-12-01,-1.64,-0.23049586776859501,-0.17,-0.15719008264462808,-1.188,-0.17210743801652892,-1.703,-0.30277685950413225
1976-01-01,-1.8,-0.22504132231404958,0.005,-0.15690909090909091,-0.841,-0.15652892561983472,-1.549,-0.29304132231404956
1976-02-01,-1.05,-0.2166115702479339,0.077,-0.15874380165289254,-0.794,-0.13744628099173553,-0.939,-0.28229752066115704
1976-03-01,-0.68,-0.206198347107438,0.02,-0.15862809917355375,-0.942,-0.11801652892561983,-0.775,-0.26997520661157026
1976-04-01,-0.42,-0.1969421487603306,0.122,-0.15958677685950412,-1.027,-0.09936363636363636,-0.65,-0.26025619834710745
1976-05-01,-0.49,-0.18983471074380165,-0.004,-0.1617190082644628,-0.795,-0.07798347107438017,-0.487,-0.25199173553719006
1976-06-01,0.0,-0.184297520661157,0.369,-0.16309090909090906,-1.028,-0.05346280991735538,-0.106,-0.24313223140495868
1976-07-01,0.15,-0.18140495867768594,0.594,-0.16576859504132233,0.368,-0.03292561983471075,0.233,-0.23474380165289255
1976-08-01,0.31,-0.17760330578512395,0.107,-0.16803305785123968,1.023,-0.012793388429752072,0.406,-0.2252892561983471
1976-09-01,0.57,-0.17280991735537188,-0.208,-0.1697685950413223,0.732,-0.004752066115702486,0.567,-0.21473553719008265
1976-10-01,0.86,-0.16685950413223138,-0.231,-0.16861157024793388,1.235,-0.0037520661157024863,0.801,-0.2056280991735537
1976-11-01,0.88,-0.16264462809917354,-0.181,-0.16612396694214876,1.215,0.002628099173553712,0.785,-0.19498347107438016
1976-12-01,0.64,-0.15504132231404957,0.028,-0.1664214876033058,0.97,0.01580991735537189,0.489,-0.18363636363636363
1977-01-01,0.84,-0.1480165289256198,-0.003,-0.1670082644628099,1.051,0.030049586776859497,0.754,-0.1737685950413223
1977-02-01,0.55,-0.14429752066115703,-0.261,-0.1668181818181818,1.349,0.044520661157024785,0.526,-0.16825619834710742
1977-03-01,0.4,-0.14264462809917355,0.174,-0.16458677685950415,0.689,0.057537190082644615,0.275,-0.16536363636363638
1977-04-01,-0.25,-0.13859504132231404,-0.029,-0.1638595041322314,0.075,0.06450413223140494,-0.332,-0.1605289256198347
1977-05-01,-0.03,-0.1349586776859504,-0.341,-0.163099173553719,-0.105,0.06923966942148758,-0.056,-0.1572396694214876
1977-06-01,0.36,-0.13008264462809918,-0.095,-0.1622892561983471,0.292,0.07834710743801651,0.34,-0.15219834710743801
1977-07-01,0.45,-0.1302479338842975,-0.171,-0.16620661157024794,0.382,0.09475206611570247,0.414,-0.14959504132231405
1977-08-01,0.25,-0.1294214876033058,-0.26,-0.16994214876033056,0.51,0.10606611570247934,0.258,-0.1460413223140496
1977-09-01,0.44,-0.12867768595041323,-0.259,-0.17051239669421486,-0.095,0.11123140495867768,0.257,-0.14210743801652892
1977-10-01,0.89,-0.12198347107438015,0.245,-0.16836363636363635,-0.337,0.11286776859504133,0.509,-0.13392561983471074
1977-11-01,1.03,-0.11950413223140494,-0.127,-0.16871900826446282,0.014,0.10992561983471075,0.741,-0.12926446280991738
1977-12-01,1.09,-0.11570247933884298,-0.02,-0.17560330578512398,0.149,0.11015702479338842,0.674,-0.12211570247933884
1978-01-01,0.72,-0.11371900826446281,-0.64,-0.18352892561983472,0.71,0.11524793388429752,0.702,-0.11715702479338842
1978-02-01,0.51,-0.10859504132231405,-0.53,-0.18873553719008265,0.925,0.12360330578512396,0.449,-0.10883471074380166
1978-03-01,0.06,-0.10355371900826446,-0.582,-0.19431404958677687,1.307,0.1401487603305785,0.305,-0.0971900826446281
1978-04-01,-0.37,-0.09909090909090909,-0.214,-0.198900826446281,1.165,0.15639669421487604,-0.04,-0.08653719008264463
1978-05-01,-0.49,-0.08925619834710743,-0.533,-0.1984214876033058,1.027,0.17294214876033057,-0.071,-0.07174380165289256
1978-06-01,-0.45,-0.07950413223140496,-0.174,-0.1960578512396694,0.575,0.19585950413223138,-0.293,-0.05517355371900826
1978-07-01,-0.48,-0.07330578512396693,-0.107,-0.1898595041322314,-0.8,0.2228099173553719,-0.534,-0.038107438016528924
1978-08-01,-0.62,-0.0649586776859504,-0.224,-0.18291735537190085,-0.305,0.23942148760330578,-0.568,-0.02227272727272727
1978-09-01,-0.6,-0.059090909090909076,-0.261,-0.1784710743801653,-0.348,0.2510495867768595,-0.479,-0.009950413223140494
1978-10-01,-0.34,-0.056033057851239666,-0.502,-0.17446280991735535,0.331,0.25990909090909087,-0.034,0.0005454545454545487
1978-11-01,-0.15,-0.05231404958677685,-0.458,-0.17358677685950413,0.256,0.2741074380165289,0.168,0.01132231404958678
1978-12-01,0.07,-0.043057851239669424,-0.26,-0.17312396694214877,-0.284,0.29326446280991736,0.059,0.027074380165289264
1979-01-01,0.05,-0.03165289256198346,0.317,-0.17535537190082645,0.002,0.308702479338843,0.001,0.04354545454545455
1979-02-01,0.09,-0.0193388429752066,-0.158,-0.1788925619834711,-0.765,0.32178512396694214,-0.158,0.05792561983471075
1979-03-01,0.13,-0.010909090909090903,-0.034,-0.1811900826446281,-0.224,0.34129752066115704,-0.23,0.06977685950413225
1979-04-01,0.17,-0.003966942148760324,-0.207,-0.18283471074380164,0.195,0.35646280991735535,0.086,0.07738842975206613
1979-05-01,-0.09,-0.0009917355371900762,-0.444,-0.18491735537190082,0.84,0.36733884297520664,0.159,0.0807603305785124
1979-06-01,0.04,-0.0019008264462809852,0.108,-0.1858925619834711,0.475,0.37152066115702476,0.122,0.08142148760330578
1979-07-01,-0.2,0.0005785123966942209,-0.315,-0.18869421487603305,0.627,0.3750247933884297,0.014,0.08314876033057853
1979-08-01,0.21,0.0026446280991735596,-0.226,-0.19075206611570247,0.469,0.37764462809917354,0.085,0.08585950413223141
1979-09-01,0.48,0.0023966942148760397,-0.28,-0.1916694214876033,1.127,0.3799090909090909,0.323,0.08908264462809917
1979-10-01,0.32,-0.0015702479338842907,-0.314,-0.19161157024793388,1.302,0.3783719008264463,0.349,0.09294214876033058
1979-11-01,0.35,-0.005123966942148753,-0.251,-0.18808264462809918,0.805,0.38004958677685946,0.265,0.09633884297520663
1979-12-01,0.69,-0.009834710743801645,-0.101,-0.18582644628099174,0.378,0.37867768595041323,0.47,0.09632231404958679
1980-01-01,0.55,-0.010082644628099168,-0.158,-0.18670247933884299,0.36,0.3835702479338843,0.459,0.09928925619834711
1980-02-01,0.33,-0.01454545454545454,-0.2,-0.18885123966942147,0.863,0.39181818181818184,0.35,0.10059504132231406
1980-03-01,0.09,-0.019752066115702474,-0.417,-0.19126446280991735,0.797,0.39626446280991734,0.299,0.09940495867768596
1980-04-01,0.2,-0.022975206611570244,-0.095,-0.18908264462809918,1.023,0.400595041322314,0.454,0.10039669421487604
1980-05-01,0.13,-0.02553719008264462,-0.066,-0.19164462809917354,1.036,0.40909917355371905,0.446,0.10066942148760331
1980-06-01,0.37,-0.02355371900826446,-0.382,-0.1973884297520661,-0.39,0.42485123966942145,0.191,0.1066694214876033
1980-07-01,0.02,-0.01826446280991735,-0.661,-0.20117355371900825,0.1,0.4415785123966942,0.087,0.1144297520661157
1980-08-01,-0.23,-0.012066115702479336,-0.822,-0.20464462809917355,0.184,0.45187603305785123,0.108,0.12171900826446282
1980-09-01,-0.12,-0.007190082644628095,-0.745,-0.20376859504132233,0.161,0.4632892561983471,0.106,0.12938842975206613
1980-10-01,-0.11,-0.0005785123966942118,-0.657,-0.200801652892562,1.265,0.47337190082644626,0.207,0.13831404958677687
1980-11-01,0.1,0.008016528925619838,-0.417,-0.1914628099173554,0.874,0.4782066115702479,0.365,0.14969421487603304
1980-12-01,0.36,0.016776859504132238,-0.483,-0.19219834710743802,0.476,0.49178512396694213,0.482,0.16126446280991738
1981-01-01,-0.45,0.023801652892561982,-0.201,-0.19172727272727272,1.167,0.510305785123967,-0.065,0.17219834710743803
1981-02-01,-0.45,0.033388429752066115,-0.024,-0.19288429752066116,1.32,0.5302314049586777,-0.161,0.18446280991735536
1981-03-01,-0.02,0.037851239669421485,0.027,-0.19517355371900827,1.35,0.5514132231404958,0.041,0.19249586776859506
1981-04-01,-0.17,0.04008264462809918,0.092,-0.19770247933884297,1.228,0.5696198347107438,-0.112,0.1995206611570248
1981-05-01,-0.11,0.03966942148760331,-0.018,-0.19998347107438016,1.379,0.5862892561983472,-0.064,0.20424793388429754
1981-06-01,-0.15,0.04305785123966943,-0.24,-0.20224793388429754,1.708,0.5997603305785124,-0.023,0.2099504132231405
1981-07-01,-0.43,0.04438016528925621,-0.56,-0.2098099173553719,1.001,0.6190330578512396,-0.21,0.2150330578512397
1981-08-01,-0.18,0.04512396694214876,-0.628,-0.21803305785123966,0.54,0.6199173553719008,-0.098,0.2172809917355372
1981-09-01,-0.07,0.047438016528925625,-0.757,-0.2200909090909091,0.784,0.6165619834710744,0.137,0.21903305785123967
1981-10-01,-0.03,0.05016528925619835,-0.606,-0.21876859504132232,0.171,0.6209752066115702,0.11,0.2210495867768595
1981-11-01,-0.27,0.05165289256198347,-0.328,-0.21887603305785125,0.618,0.6253388429752067,0.17,0.22343801652892564
1981-12-01,0.07,0.052479338842975204,-0.019,-0.21964462809917357,0.61,0.6278512396694215,0.212,0.22604958677685952
1982-01-01,-0.04,0.05702479338842976,0.144,-0.22054545454545454,0.204,0.631595041322314,0.082,0.23009917355371903
1982-02-01,-0.13,0.05975206611570248,0.166,-0.22018181818181817,0.077,0.6360495867768595,0.127,0.23232231404958678
1982-03-01,-0.02,0.06545454545454546,0.054,-0.21915702479338844,0.045,0.6373057851239669,0.173,0.23824793388429755
1982-04-01,0.24,0.06950413223140496,0.119,-0.22189256198347107,-0.271,0.6446033057851239,0.333,0.24538016528925619
1982-05-01,0.65,0.07909090909090909,0.223,-0.2202892561983471,-0.662,0.6544545454545455,0.525,0.25792561983471074
1982-06-01,0.92,0.08958677685950413,0.255,-0.2165702479338843,-0.501,0.6598512396694215,0.748,0.26859504132231404
1982-07-01,0.64,0.09768595041322314,0.265,-0.21407438016528924,0.576,0.6714380165289257,0.771,0.27823140495867765
1982-08-01,0.93,0.10619834710743803,0.256,-0.21020661157024795,0.397,0.6841239669421487,0.969,0.2876694214876033
1982-09-01,1.39,0.11677685950413223,0.442,-0.2048099173553719,0.883,0.6945289256198347,1.438,0.29883471074380163
1982-10-01,2.0,0.1243801652892562,0.623,-0.20056198347107435,0.441,0.7044049586776858,1.793,0.30850413223140494
1982-11-01,2.07,0.12768595041322314,0.284,-0.20300826446280992,-0.231,0.7162148760330578,1.717,0.3148925619834711
1982-12-01,2.33,0.1278512396694215,-0.162,-0.20070247933884297,0.161,0.7232148760330579,1.907,0.3183140495867769
1983-01-01,2.43,0.12454545454545454,-0.482,-0.19761983471074382,0.329,0.7252809917355372,2.015,0.31879338842975213
1983-02-01,2.22,0.12148760330578513,-0.587,-0.19360330578512397,0.944,0.7247272727272728,2.053,0.31499999999999995
1983-03-01,1.69,0.1196694214876033,-0.752,-0.1918099173553719,1.735,0.7223140495867768,1.776,0.3141074380165289
1983-04-01,1.12,0.11512396694214877,-0.556,-0.18805785123966942,1.445,0.7154380165289257,1.361,0.31000826446280993
1983-05-01,1.12,0.10950413223140495,-0.059,-0.1905289256198347,1.181,0.7098595041322314,1.409,0.30564462809917353
1983-06-01,0.62,0.10148760330578513,0.371,-0.18837190082644628,1.756,0.7039090909090909,1.347,0.29843801652892565
1983-07-01,-0.11,0.0924793388429752,0.525,-0.18817355371900826,2.273,0.7005785123966942,1.169,0.2926198347107438
1983-08-01,-0.13,0.08454545454545455,0.345,-0.18967768595041323,1.302,0.704198347107438,0.858,0.28929752066115705
1983-09-01,-0.5,0.07867768595041323,-0.069,-0.19108264462809915,0.669,0.7039586776859504,0.272,0.2854710743801653
1983-10-01,-1.03,0.06636363636363637,-0.288,-0.19326446280991738,0.702,0.7064214876033058,-0.125,0.27710743801652893
1983-11-01,-1.13,0.051157024793388434,-0.343,-0.19062809917355375,1.032,0.7041487603305785,-0.202,0.26517355371900825
1983-12-01,-0.95,0.03603305785123966,-0.101,-0.18555371900826445,1.389,0.7009090909090909,0.157,0.2522396694214876
1984-01-01,-0.8,0.01933884297520662,-0.223,-0.18572727272727274,1.178,0.6950826446280992,0.161,0.2392396694214876
1984-02-01,-0.53,0.007603305785123968,-0.149,-0.18871900826446278,1.046,0.6860247933884298,0.069,0.23041322314049587
1984-03-01,-0.48,-0.004132231404958678,-0.122,-0.1900495867768595,1.381,0.6851570247933884,-0.018,0.22297520661157025
1984-04-01,-0.6,-0.014380165289256201,0.05,-0.19373553719008266,1.001,0.686,-0.202,0.2179917355371901
1984-05-01,-0.64,-0.022396694214876032,-0.305,-0.19693388429752068,0.942,0.6844793388429752,-0.413,0.2107107438016529
1984-06-01,-0.9,-0.02694214876033058,-0.357,-0.19971074380165288,0.074,0.6781239669421487,-0.574,0.20410743801652895
1984-07-01,-0.4,-0.03115702479338843,-0.366,-0.20429752066115703,0.098,0.6789173553719008,-0.471,0.19995041322314053
1984-08-01,-0.4,-0.03429752066115703,-0.498,-0.20434710743801654,0.505,0.6730826446280992,-0.349,0.19483471074380168
1984-09-01,-0.35,-0.03917355371900827,-0.608,-0.2043388429752066,0.479,0.6675371900826447,-0.149,0.1900082644628099
1984-10-01,-0.83,-0.04644628099173554,-0.654,-0.2054297520661157,0.7,0.6563140495867769,-0.303,0.18270247933884298
1984-11-01,-1.18,-0.05157024793388429,-0.418,-0.2056280991735537,0.636,0.6409917355371901,-0.577,0.17571074380165289
1984-12-01,-1.53,-0.055537190082644634,-0.278,-0.20493388429752066,0.476,0.6343388429752066,-0.922,0.17228925619834712
1985-01-01,-0.89,-0.06107438016528925,-0.466,-0.20491735537190084,0.831,0.6291157024793388,-0.599,0.16733884297520663
1985-02-01,-0.91,-0.06264462809917355,-0.627,-0.206,0.587,0.6192231404958677,-0.643,0.16341322314049586
1985-03-01,-0.96,-0.0637190082644628,-0.541,-0.2055289256198347,-0.038,0.6062479338842974,-0.638,0.15899173553719007
1985-04-01,-0.98,-0.06231404958677686,-0.2,-0.20526446280991736,-0.182,0.6005289256198347,-0.682,0.15719834710743802
1985-05-01,-0.9,-0.061322314049586775,-0.223,-0.20735537190082645,-0.271,0.5916859504132231,-0.759,0.15373553719008265
1985-06-01,-0.76,-0.062396694214876036,-0.629,-0.211504132231405,0.338,0.582,-0.486,0.1496115702479339
1985-07-01,-0.61,-0.06421487603305785,-0.403,-0.21038016528925618,0.84,0.5848347107438017,-0.255,0.14772727272727273
1985-08-01,-0.49,-0.06297520661157024,-0.459,-0.20815702479338843,0.687,0.5840413223140497,-0.259,0.14722314049586777
1985-09-01,-0.57,-0.06008264462809917,-0.238,-0.20287603305785123,0.565,0.583,-0.284,0.14671900826446285
1985-10-01,-0.64,-0.05801652892561983,-0.498,-0.19957024793388428,0.441,0.5758760330578512,-0.409,0.14503305785123966
1985-11-01,-0.43,-0.056446280991735535,0.074,-0.19491735537190083,-0.402,0.5535289256198347,-0.285,0.14211570247933886
1985-12-01,-0.4,-0.05462809917355371,-0.417,-0.19144628099173552,0.401,0.5320743801652893,-0.186,0.1378429752066116
1986-01-01,-0.79,-0.05338842975206612,-0.113,-0.18691735537190082,1.053,0.5173801652892561,-0.38,0.13414876033057854
1986-02-01,-0.64,-0.04702479338842975,-0.135,-0.18605785123966942,1.57,0.5023636363636363,-0.065,0.1349834710743802
1986-03-01,-0.51,-0.0424793388429752,-0.2,-0.18616528925619835,1.769,0.4864132231404959,0.033,0.13650413223140498
1986-04-01,-0.41,-0.040578512396694216,-0.286,-0.184,1.261,0.46535537190082643,0.075,0.136099173553719
1986-05-01,-0.47,-0.035537190082644624,-0.154,-0.18162809917355371,0.99,0.4454876033057851,-0.078,0.138702479338843
1986-06-01,-0.08,-0.029256198347107437,-0.278,-0.17930578512396694,0.835,0.419,0.203,0.14159504132231404
1986-07-01,0.16,-0.022892561983471074,-0.546,-0.17509090909090913,1.304,0.3952066115702479,0.509,0.14529752066115703
1986-08-01,0.24,-0.015785123966942146,-0.401,-0.16998347107438014,0.475,0.38431404958677684,0.505,0.14955371900826447
1986-09-01,0.59,-0.012479338842975205,-0.142,-0.16397520661157025,0.617,0.38491735537190086,0.618,0.15248760330578515
1986-10-01,0.9,-0.0043801652892561955,-0.048,-0.15796694214876034,1.266,0.38294214876033056,0.811,0.1573636363636364
1986-11-01,1.04,0.005289256198347109,-0.244,-0.15262809917355372,1.763,0.38647107438016526,1.09,0.16432231404958678
1986-12-01,0.98,0.020909090909090912,-0.274,-0.14922314049586777,1.519,0.3810165289256198,1.101,0.17162809917355373
1987-01-01,1.19,0.03363636363636364,-0.081,-0.15171900826446277,1.423,0.3779917355371901,0.979,0.1785123966942149
1987-02-01,1.17,0.04735537190082645,0.041,-0.15612396694214878,1.59,0.3785371900826446,1.023,0.18624793388429753
1987-03-01,1.24,0.060826446280991736,-0.137,-0.1630413223140496,1.501,0.3796115702479339,1.243,0.1933801652892562
1987-04-01,0.89,0.07264462809917355,-0.157,-0.16805785123966943,1.572,0.3843223140495868,1.138,0.2023884297520661
1987-05-01,0.91,0.08115702479338843,0.165,-0.17357851239669422,1.267,0.3977107438016529,1.186,0.21212396694214877
1987-06-01,1.24,0.08016528925619835,0.109,-0.18253719008264466,0.548,0.41342148760330577,1.235,0.21591735537190082
1987-07-01,1.34,0.07479338842975206,0.207,-0.188603305785124,1.694,0.4306115702479339,1.506,0.21565289256198347
1987-08-01,1.48,0.06826446280991737,0.297,-0.1971404958677686,1.917,0.4350495867768595,1.556,0.2127685950413223
1987-09-01,1.53,0.05942148760330579,0.393,-0.20614049586776861,1.769,0.43897520661157025,1.609,0.20760330578512398
1987-10-01,1.36,0.04504132231404959,0.255,-0.21497520661157024,1.1,0.4430578512396694,1.427,0.1995206611570248
1987-11-01,1.29,0.02735537190082645,-0.051,-0.22342148760330577,1.092,0.4505702479338843,1.282,0.1880826446280992
1987-12-01,1.05,0.01057851239669422,0.152,-0.22838842975206614,0.861,0.45639669421487605,1.155,0.1766198347107438
1988-01-01,0.69,-0.006363636363636359,0.353,-0.2286694214876033,0.399,0.4551487603305785,0.732,0.1650578512396694
1988-02-01,0.35,-0.022975206611570244,-0.154,-0.22439669421487604,0.643,0.4550082644628099,0.243,0.15427272727272728
1988-03-01,0.29,-0.03743801652892562,-0.313,-0.22198347107438016,0.633,0.4517107438016529,0.341,0.14390082644628102
1988-04-01,-0.49,-0.043801652892561986,-0.128,-0.21726446280991737,0.475,0.44665289256198343,-0.191,0.13826446280991736
1988-05-01,-1.05,-0.04537190082644627,-0.513,-0.2128925619834711,0.49,0.4493884297520661,-0.568,0.13660330578512397
1988-06-01,-1.46,-0.04933884297520661,-0.272,-0.21329752066115704,0.307,0.45556198347107435,-0.943,0.1336198347107438
1988-07-01,-1.54,-0.05173553719008264,-0.15,-0.2176198347107438,0.172,0.4531487603305785,-0.997,0.12876859504132232
1988-08-01,-1.44,-0.04950413223140496,-0.289,-0.2244793388429752,-0.362,0.45057851239669416,-0.936,0.1254214876033058
1988-09-01,-1.33,-0.046280991735537194,-0.394,-0.22873553719008263,-0.334,0.451694214876033,-1.031,0.12442148760330578
1988-10-01,-2.09,-0.03917355371900827,-0.525,-0.22945454545454544,-0.05,0.4583801652892562,-1.491,0.12848760330578513
1988-11-01,-2.18,-0.02834710743801653,-0.183,-0.22830578512396693,0.056,0.46273553719008265,-1.478,0.13449586776859504
1988-12-01,-1.98,-0.017438016528925623,0.156,-0.22717355371900827,-0.136,0.46042148760330576,-1.397,0.141
1989-01-01,-1.95,-0.009338842975206615,-0.281,-0.2261322314049587,-0.989,0.4567520661157025,-1.514,0.14288429752066115
1989-02-01,-1.37,-0.004049586776859506,-0.045,-0.22549586776859504,-1.094,0.45161157024793386,-1.067,0.14286776859504136
1989-03-01,-1.33,-0.0001652892561983491,-0.319,-0.22259504132231406,-0.87,0.44694214876033056,-1.058,0.1442892561983471
1989-04-01,-1.11,0.004049586776859502,-0.48,-0.21868595041322317,-0.122,0.44145454545454543,-0.833,0.14882644628099173
1989-05-01,-0.8,0.010165289256198345,-0.594,-0.214603305785124,0.011,0.4388347107438017,-0.795,0.1549090909090909
1989-06-01,-0.64,0.01768595041322314,-0.78,-0.208504132231405,0.071,0.43230578512396695,-0.64,0.1625289256198347
1989-07-01,-0.47,0.026446280991735537,-0.447,-0.20095041322314047,0.571,0.4277933884297521,-0.381,0.17025619834710742
1989-08-01,-0.58,0.0340495867768595,-0.321,-0.19122314049586775,-0.079,0.42346280991735535,-0.605,0.17604132231404956
1989-09-01,-0.38,0.040661157024793386,-0.225,-0.18273553719008265,-0.202,0.41196694214876034,-0.499,0.1815702479338843
1989-10-01,-0.4,0.05099173553719008,-0.412,-0.17186776859504133,-0.231,0.40312396694214875,-0.561,0.1885206611570248
1989-11-01,-0.3,0.06727272727272728,-0.338,-0.1640909090909091,-0.552,0.38553719008264464,-0.497,0.19591735537190086
1989-12-01,-0.13,0.08702479338842975,-0.167,-0.1584628099173554,-0.0,0.36497520661157024,-0.149,0.2057603305785124
1990-01-01,0.02,0.10876033057851239,-0.099,-0.1550082644628099,-0.254,0.3562644628099173,-0.129,0.21966115702479339
1990-02-01,0.36,0.12330578512396694,-0.289,-0.14980165289256198,-0.837,0.35137190082644626,-0.016,0.22990909090909092
1990-03-01,0.2,0.13487603305785123,-0.143,-0.14503305785123966,-0.707,0.3523884297520661,-0.185,0.2394214876033058
1990-04-01,0.26,0.1450413223140496,-0.385,-0.14238842975206611,0.105,0.35858677685950413,0.082,0.24757851239669423
1990-05-01,0.32,0.15338842975206612,-0.348,-0.1428099173553719,-0.047,0.3696198347107438,0.035,0.2556859504132232
1990-06-01,0.0,0.16148760330578513,-0.568,-0.1416115702479339,-0.136,0.38136363636363635,-0.053,0.2658925619834711
1990-07-01,0.15,0.16801652892561986,-0.246,-0.1378099173553719,-0.047,0.38899999999999996,-0.037,0.2734462809917355
1990-08-01,0.17,0.1699173553719008,-0.392,-0.1356694214876033,0.004,0.38434710743801653,0.026,0.2753388429752066
1990-09-01,0.12,0.16925619834710745,-0.183,-0.13336363636363638,0.058,0.3897603305785124,0.047,0.2775537190082645
1990-10-01,0.13,0.16801652892561983,-0.345,-0.13442975206611568,-0.701,0.39080991735537185,-0.098,0.277
1990-11-01,0.08,0.1668595041322314,-0.094,-0.13274380165289257,-1.439,0.38866942148760336,-0.146,0.27634710743801655
1990-12-01,0.32,0.16446280991735537,0.003,-0.13261157024793388,-1.722,0.3955041322314049,-0.152,0.27478512396694216
1991-01-01,0.51,0.16239669421487604,0.065,-0.12933884297520662,-1.302,0.40001652892561984,0.035,0.2735950413223141
1991-02-01,0.32,0.1634710743801653,-0.097,-0.1286776859504132,-0.65,0.4001404958677686,0.036,0.2741487603305785
1991-03-01,0.1,0.16479338842975208,-0.037,-0.12826446280991735,-0.61,0.3955371900826446,0.023,0.27380165289256203
1991-04-01,0.21,0.166198347107438,0.289,-0.1296611570247934,-1.198,0.3915371900826446,-0.008,0.2718677685950413
1991-05-01,0.44,0.1662809917355372,0.379,-0.12949586776859504,-1.176,0.396801652892562,0.203,0.2701322314049587
1991-06-01,0.65,0.16917355371900825,0.263,-0.13147933884297522,-1.826,0.397099173553719,0.286,0.27158677685950416
1991-07-01,0.62,0.16867768595041321,0.27,-0.13449586776859504,-1.171,0.3949669421487603,0.425,0.2691322314049587
1991-08-01,0.43,0.16487603305785123,0.058,-0.13561157024793388,-0.317,0.3824380165289256,0.305,0.2639173553719008
1991-09-01,0.22,0.16008264462809918,0.099,-0.13818181818181818,0.613,0.38273553719008263,0.257,0.25816528925619836
1991-10-01,0.91,0.15289256198347106,-0.03,-0.14616528925619834,0.545,0.38356198347107434,0.727,0.25181818181818183
1991-11-01,1.14,0.14297520661157026,0.04,-0.15235537190082646,0.598,0.37878512396694214,0.952,0.24504958677685953
1991-12-01,1.62,0.13082644628099174,0.084,-0.15375206611570247,-0.042,0.3660330578512397,1.054,0.23324793388429751
1992-01-01,1.61,0.11917355371900826,-0.321,-0.15239669421487603,0.244,0.3602148760330579,1.045,0.22410743801652894
1992-02-01,1.62,0.10735537190082645,-0.389,-0.15107438016528926,0.27,0.35334710743801656,1.018,0.21544628099173552
1992-03-01,1.5,0.0971900826446281,-0.671,-0.15105785123966942,0.207,0.3462561983471074,0.99,0.20728925619834712
1992-04-01,1.41,0.08975206611570248,-0.553,-0.1494793388429752,0.615,0.34179338842975204,1.263,0.2001322314049587
1992-05-01,1.27,0.08958677685950413,-0.549,-0.14797520661157026,1.349,0.342495867768595,1.511,0.1980909090909091
1992-06-01,0.53,0.0915702479338843,-0.861,-0.14866115702479338,1.239,0.3517107438016529,0.984,0.19801652892561983
1992-07-01,0.27,0.09454545454545454,-0.479,-0.1458677685950413,1.579,0.359099173553719,0.716,0.19875206611570248
1992-08-01,-0.15,0.09950413223140495,-0.768,-0.1423388429752066,1.113,0.3626446280991735,0.422,0.2005123966942149
1992-09-01,-0.14,0.10462809917355372,-0.833,-0.13842148760330578,0.872,0.36034710743801657,0.344,0.20298347107438017
1992-10-01,-0.35,0.1109090909090909,-0.627,-0.13445454545454547,1.377,0.3588429752066115,0.46,0.20612396694214877
1992-11-01,-0.14,0.1196694214876033,-0.399,-0.12599173553719006,1.35,0.36033884297520663,0.409,0.21084297520661158
1992-12-01,0.04,0.12801652892561982,-0.317,-0.11843801652892562,0.474,0.35847933884297517,0.33,0.21500826446280993
1993-01-01,0.28,0.1393388429752066,-0.196,-0.11535537190082645,0.01,0.35955371900826444,0.508,0.22186776859504131
1993-02-01,0.42,0.15082644628099173,0.035,-0.11478512396694215,0.312,0.36850413223140494,0.71,0.22907438016528928
1993-03-01,0.47,0.16024793388429753,-0.295,-0.11396694214876034,0.545,0.3748181818181818,0.798,0.237801652892562
1993-04-01,0.92,0.1652892561983471,-0.181,-0.11099173553719008,1.123,0.37214876033057853,1.094,0.2409338842975207
1993-05-01,0.93,0.17495867768595041,-0.027,-0.10877685950413223,1.776,0.3652892561983471,1.16,0.24657851239669423
1993-06-01,0.64,0.18041322314049588,-0.108,-0.10332231404958676,1.928,0.3569504132231405,1.048,0.2510165289256198
1993-07-01,0.33,0.18644628099173552,-0.152,-0.10425619834710743,1.464,0.3487851239669421,0.76,0.2559421487603306
1993-08-01,0.16,0.1923140495867769,-0.305,-0.1078099173553719,1.962,0.3459504132231405,0.764,0.2609834710743802
1993-09-01,0.26,0.19743801652892562,-0.17,-0.10952066115702479,1.437,0.3417768595041323,0.737,0.26386776859504135
1993-10-01,0.36,0.19859504132231406,-0.156,-0.11240495867768595,1.478,0.3315123966942149,0.764,0.2645454545454546
1993-11-01,0.28,0.20570247933884298,-0.149,-0.11346280991735538,1.229,0.32686776859504135,0.602,0.26900826446280995
1993-12-01,0.19,0.2112396694214876,-0.206,-0.11472727272727272,0.752,0.3191818181818181,0.585,0.27200826446280996
1994-01-01,0.03,0.21495867768595042,0.025,-0.11709090909090908,0.945,0.31581818181818183,0.385,0.27398347107438015
1994-02-01,-0.16,0.2194214876033058,-0.146,-0.11508264462809917,0.556,0.3177438016528925,0.159,0.2771818181818182
1994-03-01,-0.06,0.2231404958677686,0.202,-0.11386776859504132,0.481,0.3196198347107438,0.241,0.2785289256198347
1994-04-01,0.03,0.22743801652892562,0.351,-0.11124793388429752,0.717,0.3148099173553719,0.531,0.279099173553719
1994-05-01,0.14,0.22942148760330577,0.544,-0.10881818181818181,0.684,0.30041322314049584,0.534,0.2776694214876034
1994-06-01,0.27,0.22818181818181818,0.433,-0.10510743801652893,0.152,0.28453719008264466,0.509,0.27476033057851235
1994-07-01,0.16,0.2265289256198347,0.557,-0.09773553719008263,-0.472,0.27303305785123966,0.361,0.27143801652892563
1994-08-01,0.52,0.22231404958677684,0.811,-0.0938512396694215,-0.426,0.25848760330578513,0.229,0.266198347107438
1994-09-01,0.4,0.22016528925619835,0.529,-0.09161157024793389,-0.886,0.24774380165289253,0.32,0.2616115702479339
1994-10-01,0.9,0.21479338842975207,0.707,-0.09132231404958678,-0.591,0.23413223140495867,0.692,0.2547107438016529
1994-11-01,1.14,0.20644628099173554,0.287,-0.08887603305785123,-1.428,0.22154545454545455,0.592,0.24755371900826448
1994-12-01,1.21,0.196198347107438,0.263,-0.08730578512396694,-1.852,0.21255371900826447,0.614,0.24014049586776862
1995-01-01,1.1,0.1824793388429752,0.14,-0.0869586776859504,-0.578,0.19780991735537193,0.76,0.2294132231404959
1995-02-01,0.87,0.16966942148760328,0.164,-0.08621487603305786,0.239,0.19190082644628098,0.641,0.22020661157024793
1995-03-01,0.49,0.1562809917355372,-0.05,-0.0826694214876033,0.71,0.19489256198347105,0.508,0.21149586776859505
1995-04-01,0.27,0.14801652892561984,-0.221,-0.08032231404958677,0.712,0.19749586776859504,0.349,0.20731404958677688
1995-05-01,0.03,0.13925619834710745,-0.251,-0.07620661157024794,1.153,0.19193388429752065,0.299,0.1988595041322314
1995-06-01,0.08,0.1304132231404959,-0.078,-0.07351239669421487,1.15,0.18801652892561985,0.476,0.19090082644628098
1995-07-01,0.03,0.125702479338843,-0.169,-0.06818181818181818,1.262,0.1816776859504132,0.428,0.18497520661157027
1995-08-01,-0.38,0.12148760330578512,-0.144,-0.06506611570247933,0.277,0.17295867768595038,-0.026,0.17951239669421487
1995-09-01,-0.57,0.11685950413223141,-0.18,-0.0626198347107438,1.342,0.16622314049586773,0.009,0.1737190082644628
1995-10-01,-0.72,0.11132231404958678,-0.367,-0.06228099173553719,0.692,0.15680165289256198,-0.351,0.16744628099173553
1995-11-01,-0.78,0.1040495867768595,-0.294,-0.06195867768595041,0.182,0.1559504132231405,-0.488,0.16244628099173555
1995-12-01,-0.72,0.09578512396694215,0.09,-0.0632314049586777,0.425,0.16804132231404958,-0.474,0.15737190082644625
1996-01-01,-0.65,0.08586776859504133,-0.021,-0.0668181818181818,0.947,0.18656198347107436,-0.33,0.1525702479338843
1996-02-01,-0.66,0.07644628099173553,-0.033,-0.06749586776859504,1.068,0.19852066115702477,-0.313,0.1465619834710744
1996-03-01,-0.48,0.06983471074380167,-0.085,-0.06677685950413223,1.013,0.20360330578512392,-0.107,0.14305785123966944
1996-04-01,-0.34,0.0665289256198347,-0.369,-0.06534710743801653,1.285,0.20172727272727273,-0.201,0.14030578512396696
1996-05-01,-0.4,0.062314049586776867,-0.266,-0.06660330578512397,1.898,0.2053884297520661,-0.135,0.13630578512396696
1996-06-01,-0.12,0.05776859504132231,-0.394,-0.06868595041322315,1.026,0.20667768595041322,0.098,0.13076859504132232
1996-07-01,-0.14,0.052479338842975204,-0.643,-0.07201652892561984,0.577,0.2074710743801653,-0.094,0.12422314049586777
1996-08-01,-0.3,0.04677685950413224,-0.681,-0.07673553719008264,-0.212,0.2081404958677686,-0.122,0.11796694214876034
1996-09-01,-0.34,0.04090909090909091,-0.712,-0.07905785123966942,0.511,0.20070247933884297,-0.191,0.11053719008264463
1996-10-01,-0.28,0.036942148760330584,-1.108,-0.08360330578512397,0.717,0.1857107438016529,-0.15,0.10374380165289257
1996-11-01,-0.3,0.02710743801652893,-0.797,-0.0853801652892562,0.688,0.17465289256198346,-0.008,0.09327272727272728
1996-12-01,-0.43,0.01388429752066116,-0.413,-0.08613223140495868,0.22,0.16236363636363635,-0.338,0.07926446280991736
1997-01-01,-0.43,-0.0006611570247933867,-0.11,-0.088,0.815,0.1614380165289256,-0.005,0.06657024793388429
1997-02-01,-0.24,-0.01396694214876033,0.079,-0.08615702479338844,0.592,0.15147933884297518,-0.069,0.054082644628099176
1997-03-01,-0.06,-0.02644628099173554,0.043,-0.08287603305785123,0.732,0.14280991735537188,0.036,0.045181818181818184
1997-04-01,0.34,-0.037685950413223146,0.054,-0.0802396694214876,0.961,0.13530578512396693,0.377,0.03689256198347108
1997-05-01,0.87,-0.047603305785123964,0.025,-0.07838842975206611,1.657,0.12199173553719006,0.891,0.02661983471074381
1997-06-01,1.15,-0.052479338842975204,0.082,-0.07542148760330578,2.382,0.10366942148760329,1.177,0.014942148760330586
1997-07-01,1.6,-0.05214876033057852,0.447,-0.07045454545454544,1.442,0.08994214876033058,1.324,0.008842975206611578
1997-08-01,1.94,-0.04859504132231405,0.634,-0.06821487603305784,2.123,0.0792479338842975,1.719,0.005239669421487612
1997-09-01,2.1,-0.040578512396694216,0.771,-0.05950413223140495,1.639,0.07106611570247932,1.855,0.004347107438016537
1997-10-01,2.29,-0.02983471074380166,0.873,-0.049272727272727274,1.587,0.06633884297520659,1.989,0.006628099173553728
1997-11-01,2.42,-0.01528925619834711,1.279,-0.04329752066115702,1.281,0.06389256198347106,1.998,0.011438016528925628
1997-12-01,2.3,-0.0024793388429752107,0.863,-0.041305785123966945,0.867,0.0649090909090909,1.786,0.0160909090909091
1998-01-01,2.42,0.005289256198347103,0.525,-0.040661157024793386,0.991,0.0729090909090909,1.985,0.01974380165289257
1998-02-01,2.08,0.00826446280991735,0.422,-0.038900826446280984,1.482,0.08325619834710742,1.604,0.0203305785123967
1998-03-01,1.49,0.008760330578512391,-0.055,-0.03951239669421487,1.407,0.09127272727272724,1.299,0.01799173553719009
1998-04-01,0.9,0.004628099173553714,0.047,-0.037892561983471074,0.31,0.09114049586776857,0.72,0.01176859504132232
1998-05-01,0.68,-0.007272727272727277,0.14,-0.037752066115702476,-0.355,0.08453719008264463,0.492,-0.0010826446280991658
1998-06-01,-0.39,-0.016528925619834715,0.147,-0.036380165289256194,-0.519,0.06835537190082644,-0.031,-0.012644628099173544
1998-07-01,-0.73,-0.020661157024793392,-0.385,-0.03440495867768595,-0.681,0.056495867768595026,-0.347,-0.0206694214876033
1998-08-01,-0.83,-0.022975206611570254,-0.58,-0.03225619834710743,-0.171,0.05055371900826445,-0.387,-0.02551239669421487
1998-09-01,-0.82,-0.023057851239669427,-0.496,-0.030239669421487602,-0.867,0.03474380165289255,-0.587,-0.032826446280991725
1998-10-01,-1.19,-0.021404958677685958,-0.743,-0.030842975206611566,-1.576,0.029123966942148746,-0.949,-0.03620661157024792
1998-11-01,-1.23,-0.021157024793388435,-0.653,-0.030867768595041322,-0.612,0.016743801652892548,-0.951,-0.039504132231404955
1998-12-01,-1.51,-0.02082644628099174,-0.336,-0.028074380165289254,-0.874,0.0036033057851239535,-1.115,-0.04232231404958677
1999-01-01,-1.53,-0.020247933884297527,-0.13,-0.026008264462809915,-0.543,-0.004479338842975219,-1.158,-0.04503305785123966
1999-02-01,-1.41,-0.019090909090909096,-0.038,-0.02527272727272727,-0.756,-0.012024793388429763,-1.127,-0.04852066115702478
1999-03-01,-0.92,-0.018595041322314057,0.102,-0.0234297520661157,-0.867,-0.015561983471074393,-0.904,-0.049636363636363624
1999-04-01,-0.81,-0.017603305785123972,-0.002,-0.025760330578512396,-1.452,-0.01875206611570249,-0.989,-0.05073553719008264
1999-05-01,-0.87,-0.017024793388429757,-0.186,-0.03333057851239669,-1.864,-0.020578512396694226,-1.006,-0.05642148760330578
1999-06-01,-0.95,-0.017024793388429757,-0.145,-0.041,-1.91,-0.0286115702479339,-1.147,-0.06260330578512396
1999-07-01,-0.84,-0.015867768595041326,0.112,-0.047066115702479344,-1.321,-0.02960330578512398,-1.042,-0.06742975206611569
1999-08-01,-0.98,-0.011735537190082648,0.023,-0.05276033057851239,-1.189,-0.023289256198347118,-1.015,-0.06956198347107438
1999-09-01,-0.84,-0.010495867768595046,-0.05,-0.06033884297520661,-1.379,-0.018876033057851252,-1.16,-0.0693801652892562
1999-10-01,-1.03,-0.007768595041322319,-0.19,-0.06474380165289256,-1.849,-0.0158512396694215,-1.334,-0.07013223140495867
1999-11-01,-1.41,-0.010082644628099179,-0.116,-0.07185123966942149,-1.754,-0.018785123966942163,-1.427,-0.07347107438016529
1999-12-01,-1.54,-0.01363636363636364,-0.148,-0.07531404958677686,-1.64,-0.011371900826446294,-1.394,-0.07480165289256197
2000-01-01,-1.79,-0.01900826446280992,-0.125,-0.07851239669421486,-1.784,0.003371900826446267,-1.447,-0.07608264462809917
2000-02-01,-1.53,-0.0259504132231405,-0.009,-0.08429752066115702,-0.969,0.00954545454545453,-1.243,-0.08219008264462808
2000-03-01,-1.26,-0.03082644628099174,0.14,-0.08922314049586777,-0.475,0.014140495867768582,-1.07,-0.0860082644628099
2000-04-01,-0.8,-0.03256198347107439,0.141,-0.08811570247933885,-0.392,0.011595041322314037,-0.691,-0.08952066115702478
2000-05-01,-0.8,-0.03231404958677687,0.113,-0.08656198347107438,-0.568,0.015190082644628088,-0.941,-0.0909090909090909
2000-06-01,-0.75,-0.030743801652892568,-0.022,-0.08594214876033057,-0.521,0.01002479338842974,-0.928,-0.09343801652892561
2000-07-01,-0.57,-0.03148760330578513,0.077,-0.08847107438016528,-0.903,0.0006363636363636249,-0.77,-0.09861983471074379
2000-08-01,-0.36,-0.032066115702479345,0.131,-0.08992561983471073,-1.102,-0.011429752066115713,-0.698,-0.104
2000-09-01,-0.39,-0.029586776859504137,-0.096,-0.0931487603305785,-0.811,-0.01960330578512398,-0.675,-0.10783471074380166
2000-10-01,-0.55,-0.026115702479338847,-0.142,-0.09526446280991735,-1.082,-0.04363636363636365,-0.712,-0.11421487603305785
2000-11-01,-0.75,-0.023801652892561986,-0.306,-0.09447933884297521,-0.804,-0.062115702479338855,-0.703,-0.11937190082644628
2000-12-01,-0.92,-0.023553719008264466,-0.248,-0.0945289256198347,0.024,-0.06410743801652893,-0.76,-0.12307438016528925
2001-01-01,-0.88,-0.02570247933884298,-0.431,-0.09638842975206612,0.519,-0.0630413223140496,-0.733,-0.12425619834710744
2001-02-01,-0.63,-0.026198347107438024,-0.017,-0.09873553719008266,0.145,-0.06667768595041323,-0.692,-0.12555371900826445
2001-03-01,-0.48,-0.026776859504132233,-0.01,-0.10033057851239668,-0.035,-0.07840495867768596,-0.388,-0.126396694214876
2001-04-01,-0.3,-0.025289256198347113,0.136,-0.09975206611570248,-0.837,-0.08973553719008265,-0.31,-0.12876859504132232
2001-05-01,-0.3,-0.02338842975206612,0.137,-0.09841322314049587,-0.755,-0.10270247933884298,-0.492,-0.12925619834710741
2001-06-01,-0.11,-0.019338842975206615,0.127,-0.09670247933884298,-1.02,-0.11763636363636365,-0.467,-0.12833057851239668
2001-07-01,0.01,-0.01809917355371901,-0.14,-0.09311570247933884,-1.73,-0.12300000000000003,-0.506,-0.12896694214876034
2001-08-01,-0.07,-0.01388429752066116,-0.301,-0.08590909090909091,-1.09,-0.13161983471074382,-0.332,-0.12618181818181817
2001-09-01,-0.28,-0.00619834710743802,-0.223,-0.07674380165289257,-1.217,-0.13810743801652892,-0.594,-0.12208264462809916
2001-10-01,-0.26,0.002892561983471071,-0.451,-0.06609090909090909,-1.201,-0.1437272727272727,-0.565,-0.11509090909090909
2001-11-01,-0.28,0.01330578512396694,-0.245,-0.05279338842975206,-0.793,-0.15330578512396695,-0.54,-0.10809090909090908
2001-12-01,-0.46,0.024876033057851236,-0.051,-0.04478512396694215,-0.889,-0.16143801652892562,-0.743,-0.10029752066115702
2002-01-01,-0.14,0.03330578512396694,-0.142,-0.03952066115702479,-0.154,-0.16712396694214876,-0.482,-0.0926280991735537
2002-02-01,0.0,0.03785123966942148,-0.098,-0.037371900826446286,-0.961,-0.17701652892561984,-0.466,-0.09053719008264462
2002-03-01,0.11,0.03859504132231404,0.008,-0.037066115702479335,-0.779,-0.18797520661157024,-0.059,-0.09072727272727273
2002-04-01,0.14,0.037768595041322316,-0.352,-0.03659504132231405,-0.701,-0.19600826446280994,-0.013,-0.09159504132231404
2002-05-01,0.21,0.031735537190082645,-0.329,-0.0348099173553719,-0.996,-0.2049090909090909,0.02,-0.09852066115702479
2002-06-01,0.68,0.023223140495867767,-0.19,-0.03476859504132231,-0.868,-0.2178925619834711,0.098,-0.1084793388429752
2002-07-01,0.57,0.010661157024793385,-0.26,-0.03507438016528926,-0.422,-0.23305785123966943,0.246,-0.11963636363636362
2002-08-01,0.7,-0.007272727272727276,-0.208,-0.03681818181818181,0.285,-0.24344628099173557,0.28,-0.13520661157024794
2002-09-01,0.82,-0.03190082644628099,0.286,-0.04011570247933884,0.123,-0.26580165289256197,0.314,-0.15760330578512396
2002-10-01,1.16,-0.06082644628099174,0.405,-0.04592561983471074,0.3,-0.29480991735537193,0.62,-0.18430578512396695
2002-11-01,1.41,-0.0928099173553719,0.096,-0.0533305785123967,1.081,-0.3180909090909091,1.042,-0.21299999999999997
2002-12-01,1.41,-0.12611570247933884,-0.158,-0.06577685950413223,1.473,-0.33495041322314045,0.972,-0.24041322314049587
2003-01-01,0.98,-0.1599173553719008,-0.239,-0.0719586776859504,1.442,-0.35228099173553723,0.772,-0.2680247933884297
2003-02-01,0.64,-0.1939669421487603,0.017,-0.07689256198347108,1.262,-0.3702892561983471,0.579,-0.29569421487603303
2003-03-01,0.48,-0.22082644628099174,-0.039,-0.07957851239669421,1.282,-0.39042975206611574,0.427,-0.3178760330578512
2003-04-01,-0.03,-0.24049586776859505,-0.099,-0.08038842975206612,0.529,-0.4144380165289256,0.045,-0.33661157024793387
2003-05-01,-0.52,-0.25322314049586775,-0.164,-0.07930578512396694,0.324,-0.4281404958677686,-0.461,-0.3484876033057851
2003-06-01,-0.19,-0.2624793388429752,0.139,-0.07868595041322314,-0.182,-0.43863636363636366,-0.239,-0.3570330578512397
2003-07-01,0.14,-0.25958677685950415,0.131,-0.07786776859504133,0.493,-0.445694214876033,0.077,-0.3594462809917355
2003-08-01,0.05,-0.25388429752066116,0.108,-0.0736611570247934,0.745,-0.45013223140495867,0.174,-0.35844628099173553
2003-09-01,0.15,-0.24933884297520661,-0.061,-0.06815702479338843,0.049,-0.4598512396694215,-0.121,-0.3589421487603306
2003-10-01,0.46,-0.24504132231404957,-0.243,-0.06381818181818182,0.757,-0.46539669421487606,0.328,-0.3583305785123967
2003-11-01,0.39,-0.23826446280991737,-0.159,-0.05873553719008264,-0.02,-0.4638099173553719,0.365,-0.35543801652892565
2003-12-01,0.32,-0.23553719008264462,0.189,-0.053776859504132225,-0.361,-0.46921487603305784,0.261,-0.35516528925619834
2004-01-01,0.26,-0.23132231404958675,0.044,-0.05074380165289256,-0.226,-0.47537190082644626,0.257,-0.35299173553719004
2004-02-01,0.17,-0.22454545454545455,0.114,-0.04832231404958677,0.032,-0.48298347107438017,-0.037,-0.34961157024793393
2004-03-01,-0.1,-0.2188429752066116,0.077,-0.04718181818181818,0.128,-0.49113223140495865,0.024,-0.347702479338843
2004-04-01,0.06,-0.21330578512396697,-0.08,-0.04698347107438016,0.095,-0.4994380165289256,0.108,-0.34318181818181814
2004-05-01,0.1,-0.20520661157024794,-0.565,-0.04485123966942149,0.496,-0.49576859504132237,-0.157,-0.33455371900826447
2004-06-01,0.14,-0.19396694214876034,-0.384,-0.042487603305785125,-0.288,-0.4858595041322314,-0.214,-0.323603305785124
2004-07-01,0.41,-0.18041322314049588,-0.301,-0.04287603305785124,0.032,-0.47439669421487607,-0.075,-0.31033884297520664
2004-08-01,0.66,-0.16834710743801654,-0.132,-0.04466115702479339,0.292,-0.4655454545454545,0.103,-0.2979421487603306
2004-09-01,0.67,-0.15462809917355372,-0.106,-0.04570247933884297,0.108,-0.45196694214876026,0.251,-0.28362809917355375
2004-10-01,0.73,-0.13975206611570248,-0.004,-0.04539669421487603,-0.52,-0.43992561983471073,0.229,-0.26774380165289263
2004-11-01,0.62,-0.11892561983471076,-0.153,-0.0443801652892562,-0.946,-0.43091735537190085,0.288,-0.24769421487603305
2004-12-01,0.71,-0.09231404958677686,-0.132,-0.042099173553719005,-0.531,-0.4199669421487603,0.431,-0.22651239669421488
2005-01-01,0.56,-0.06776859504132232,-0.124,-0.03844628099173554,-0.068,-0.405305785123967,0.459,-0.20674380165289258
2005-02-01,0.26,-0.04322314049586777,-0.56,-0.037223140495867765,0.169,-0.3875785123966942,0.021,-0.1891074380165289
2005-03-01,0.28,-0.02173553719008265,-0.432,-0.033363636363636366,0.795,-0.37927272727272726,0.179,-0.17548760330578514
2005-04-01,0.28,-0.006694214876033062,0.084,-0.031462809917355374,0.402,-0.3749917355371901,0.083,-0.16406611570247934
2005-05-01,0.3,-0.0013223140495867806,-0.033,-0.03287603305785124,1.147,-0.3728429752066116,0.181,-0.1584214876033058
2005-06-01,0.22,0.0001652892561983436,-0.176,-0.03496694214876033,0.528,-0.3739256198347108,-0.007,-0.1554297520661157
2005-07-01,-0.01,-0.0009917355371900863,-0.384,-0.03479338842975207,0.014,-0.38266942148760336,-0.151,-0.15580165289256198
2005-08-01,-0.04,-0.007272727272727277,-0.345,-0.03594214876033058,-0.198,-0.38759504132231404,-0.223,-0.1608677685950413
2005-09-01,-0.08,-0.017190082644628103,-0.534,-0.03923966942148761,-0.712,-0.39203305785123965,-0.49,-0.16932231404958678
2005-10-01,-0.15,-0.02760330578512397,-0.436,-0.04205785123966942,-1.566,-0.39428099173553716,-0.763,-0.1784297520661157
2005-11-01,-0.44,-0.03603305785123967,-0.272,-0.04497520661157024,-1.544,-0.3951157024793388,-0.975,-0.18552066115702479
2005-12-01,-0.75,-0.04330578512396695,-0.3,-0.044198347107438016,-0.059,-0.40233057851239673,-0.936,-0.19380991735537187
2006-01-01,-0.98,-0.04975206611570248,-0.135,-0.04056198347107438,0.554,-0.4146694214876033,-0.617,-0.20144628099173553
2006-02-01,-0.71,-0.05289256198347108,-0.305,-0.035,0.507,-0.4277933884297521,-0.487,-0.20617355371900825
2006-03-01,-0.73,-0.05578512396694215,-0.226,-0.03182644628099174,-0.351,-0.4366859504132231,-0.415,-0.2099586776859504
2006-04-01,-0.3,-0.05793388429752066,-0.015,-0.03047107438016529,-0.358,-0.44319834710743805,-0.394,-0.214099173553719
2006-05-01,-0.11,-0.05983471074380165,-0.207,-0.03233057851239669,-0.284,-0.443702479338843,-0.26,-0.21842148760330576
2006-06-01,0.09,-0.05942148760330579,-0.059,-0.03300826446280992,0.091,-0.449404958677686,-0.023,-0.22098347107438018
2006-07-01,0.03,-0.060413223140495874,0.04,-0.03221487603305785,0.377,-0.4586363636363637,0.021,-0.22442148760330577
2006-08-01,0.37,-0.0659504132231405,0.229,-0.028214876033057848,-0.466,-0.46084297520661166,0.243,-0.22855371900826443
2006-09-01,0.63,-0.07165289256198347,0.428,-0.024057851239669418,-0.997,-0.46726446280991735,0.374,-0.23450413223140493
2006-10-01,0.76,-0.07702479338842975,0.577,-0.01927272727272727,-0.169,-0.4700413223140496,0.655,-0.24011570247933883
2006-11-01,0.98,-0.08388429752066116,0.501,-0.012768595041322314,-0.442,-0.48061157024793394,0.697,-0.2464380165289256
2006-12-01,1.1,-0.09024793388429753,0.172,-0.011801652892561982,-0.296,-0.49210743801652895,0.935,-0.2526280991735537
2007-01-01,0.59,-0.09413223140495869,0.224,-0.010999999999999998,-0.468,-0.4985537190082645,0.59,-0.2543884297520661
2007-02-01,0.12,-0.09801652892561985,0.15,-0.010471074380165288,-0.382,-0.5067685950413223,0.248,-0.2543223140495867
2007-03-01,-0.15,-0.10198347107438017,0.116,-0.009446280991735535,-0.734,-0.5099669421487603,-0.092,-0.253900826446281
2007-04-01,-0.16,-0.10528925619834711,0.1,-0.011752066115702477,-0.24,-0.5098181818181818,-0.069,-0.25499173553719007
2007-05-01,-0.39,-0.10793388429752067,0.27,-0.011900826446280991,-0.116,-0.5174628099173554,-0.461,-0.2582314049586777
2007-06-01,-0.16,-0.10851239669421488,0.03,-0.009173553719008264,0.086,-0.5210165289256198,-0.314,-0.2580661157024793
2007-07-01,-0.37,-0.11049586776859503,0.045,-0.003090909090909089,0.547,-0.5299834710743802,-0.173,-0.25753719008264464
2007-08-01,-0.57,-0.10975206611570247,0.236,0.0044462809917355395,0.185,-0.542495867768595,-0.56,-0.2577768595041322
2007-09-01,-1.04,-0.111900826446281,0.235,0.009909090909090909,-0.582,-0.5639338842975206,-0.991,-0.2608264462809917
2007-10-01,-1.4,-0.11677685950413222,0.068,0.008454545454545456,-1.871,-0.5725371900826446,-1.376,-0.26340495867768593
2007-11-01,-1.58,-0.12363636363636363,-0.023,0.0042809917355371915,-1.23,-0.5797851239669422,-1.483,-0.26661983471074374
2007-12-01,-1.61,-0.13636363636363635,-0.227,0.005702479338842977,-0.759,-0.5994710743801653,-1.319,-0.2764462809917355
2008-01-01,-1.79,-0.15148760330578512,0.115,0.00647107438016529,-1.23,-0.619909090909091,-1.555,-0.287396694214876
2008-02-01,-1.7,-0.16289256198347105,-0.072,0.01000826446280992,-1.188,-0.6409917355371901,-1.363,-0.297297520661157
2008-03-01,-1.17,-0.1693388429752066,0.097,0.010553719008264463,-0.955,-0.6605867768595042,-1.08,-0.30413223140495865
2008-04-01,-0.89,-0.17396694214876032,-0.153,0.008421487603305787,-1.498,-0.6757768595041322,-0.968,-0.3102396694214876
2008-05-01,-0.64,-0.17603305785123965,0.178,0.005057851239669424,-1.348,-0.6825785123966942,-0.717,-0.31397520661157025
2008-06-01,-0.44,-0.17446280991735535,0.215,0.002305785123966944,-1.625,-0.6940909090909091,-0.542,-0.3149421487603306
2008-07-01,-0.04,-0.17520661157024794,0.246,-0.00033057851239669196,-1.373,-0.702,-0.323,-0.3188842975206611
2008-08-01,-0.04,-0.1787603305785124,0.124,-0.0030165289256198326,-1.218,-0.7150661157024795,-0.226,-0.325396694214876
2008-09-01,-0.28,-0.17991735537190082,0.086,-0.006471074380165287,-1.347,-0.7266611570247934,-0.447,-0.3312644628099174
2008-10-01,-0.3,-0.1831404958677686,0.029,-0.007355371900826444,-1.538,-0.7375371900826446,-0.513,-0.3339669421487603
2008-11-01,-0.37,-0.1871074380165289,-0.128,-0.003702479338842973,-1.384,-0.7511900826446282,-0.599,-0.3397190082644628
2008-12-01,-0.9,-0.19107438016528924,-0.053,-0.0012231404958677665,-1.266,-0.758694214876033,-0.918,-0.3461570247933884
2009-01-01,-1.0,-0.1971900826446281,0.031,-0.0036198347107437995,-1.619,-0.759809917355372,-0.852,-0.3519917355371901
2009-02-01,-0.71,-0.20305785123966943,0.163,-0.004719008264462808,-1.464,-0.7598181818181818,-0.749,-0.35693388429752065
2009-03-01,-0.72,-0.2050413223140496,0.1,-0.006909090909090907,-1.742,-0.7562479338842976,-0.896,-0.35641322314049584
2009-04-01,-0.25,-0.201900826446281,0.126,-0.008024793388429749,-1.872,-0.7529586776859505,-0.357,-0.3557272727272727
2009-05-01,0.17,-0.1986776859504132,0.256,-0.008123966942148758,-1.008,-0.7442148760330578,0.055,-0.3541074380165289
2009-06-01,0.49,-0.19553719008264464,0.1,-0.0036859504132231388,-0.665,-0.7509917355371901,0.319,-0.3511322314049587
2009-07-01,0.69,-0.19561983471074382,-0.192,-0.003512396694214874,-0.523,-0.745305785123967,0.458,-0.3485123966942149
2009-08-01,0.62,-0.19785123966942147,-0.104,-0.004099173553719007,-0.25,-0.7425867768595041,0.458,-0.3480826446280992
2009-09-01,0.68,-0.20024793388429749,-0.103,-0.004206611570247932,0.454,-0.7398677685950413,0.717,-0.3486942148760331
2009-10-01,0.96,-0.20181818181818184,-0.013,-0.0021652892561983455,0.078,-0.7308264462809918,0.762,-0.3478842975206612
2009-11-01,1.49,-0.20049586776859504,-0.067,-0.0020495867768595025,-0.759,-0.7171735537190083,1.092,-0.3443553719008264
2009-12-01,1.81,-0.19925619834710745,0.16,-0.00040495867768594867,-0.429,-0.6964049586776859,1.136,-0.3411900826446281
2010-01-01,1.43,-0.2002479338842975,0.294,-0.00014049586776859334,0.134,-0.6809752066115703,0.998,-0.3409421487603306
2010-02-01,1.18,-0.20016528925619836,0.023,-0.0019669421487603284,0.361,-0.6686280991735538,0.687,-0.341
2010-03-01,1.07,-0.19834710743801653,0.458,0.0006694214876033082,0.036,-0.6596115702479339,0.405,-0.33912396694214875
2010-04-01,0.56,-0.19322314049586775,0.37,0.004173553719008267,0.043,-0.6593223140495869,0.312,-0.33532231404958673
2010-05-01,-0.15,-0.18694214876033058,-0.03,0.005462809917355374,-0.132,-0.6594297520661158,-0.008,-0.33105785123966935
2010-06-01,-0.62,-0.17884297520661155,-0.14,0.008181818181818184,-0.699,-0.6634793388429752,-0.579,-0.3248677685950413
2010-07-01,-0.89,-0.16776859504132233,-0.001,0.011495867768595043,-1.579,-0.6583884297520661,-0.973,-0.3149008264462809
2010-08-01,-1.33,-0.15223140495867768,-0.062,0.01935537190082645,-1.499,-0.6511570247933884,-1.383,-0.3028925619834711
2010-09-01,-1.56,-0.1352892561983471,-0.268,0.024636363636363637,-1.639,-0.6417851239669422,-1.721,-0.28715702479338845
2010-10-01,-1.65,-0.11636363636363635,-0.437,0.03304132231404959,-1.083,-0.6299504132231405,-1.777,-0.26923140495867764
2010-11-01,-1.57,-0.09388429752066116,-0.495,0.03951239669421488,-1.183,-0.6164545454545454,-1.57,-0.24902479338842975
2010-12-01,-1.63,-0.06909090909090909,-0.212,0.04400826446280992,-1.677,-0.6036115702479339,-1.706,-0.22758677685950413
2011-01-01,-1.7,-0.04173553719008265,0.192,0.04868595041322314,-1.469,-0.5988181818181819,-1.684,-0.20536363636363636
2011-02-01,-1.26,-0.016198347107438015,0.242,0.048892561983471076,-1.069,-0.5941983471074381,-1.305,-0.19077685950413223
2011-03-01,-0.98,0.0028925619834710733,0.367,0.05133884297520662,-0.931,-0.5864297520661157,-1.15,-0.17744628099173554
2011-04-01,-0.74,0.017603305785123965,0.154,0.054413223140495875,-0.823,-0.5701487603305785,-0.889,-0.16764462809917352
2011-05-01,-0.53,0.023801652892561982,-0.089,0.05360330578512397,-0.898,-0.5548099173553718,-0.833,-0.1610495867768595
2011-06-01,-0.25,0.025206611570247933,0.055,0.05165289256198347,-1.445,-0.5468760330578513,-0.802,-0.1559669421487603
2011-07-01,-0.23,0.022396694214876032,0.223,0.04587603305785124,-2.137,-0.5436776859504132,-0.883,-0.15599999999999997
2011-08-01,-0.66,0.018181818181818184,0.344,0.04187603305785124,-1.997,-0.5478181818181819,-1.006,-0.1583801652892562
2011-09-01,-0.76,0.011322314049586776,0.202,0.03637190082644628,-1.867,-0.5466694214876033,-1.052,-0.16371074380165287
2011-10-01,-0.93,-8.264462809917363e-05,0.356,0.0297603305785124,-1.553,-0.5408760330578513,-1.273,-0.17254545454545456
2011-11-01,-1.09,-0.011570247933884297,0.336,0.021834710743801656,-2.48,-0.5340247933884298,-1.33,-0.18074380165289258
2011-12-01,-1.05,-0.02388429752066116,-0.128,0.01513223140495868,-2.184,-0.5277685950413223,-1.289,-0.18874380165289256
2012-01-01,-0.93,-0.035785123966942146,0.046,0.013000000000000003,-1.669,-0.5260743801652893,-0.956,-0.1978677685950413
2012-02-01,-0.61,-0.04074380165289256,-0.078,0.01198347107438017,-1.148,-0.5213140495867769,-0.474,-0.20206611570247934
2012-03-01,-0.48,-0.0424793388429752,0.026,0.013694214876033062,-1.348,-0.5165371900826446,-0.415,-0.2048181818181818
2012-04-01,-0.29,-0.03942148760330578,-0.271,0.016859504132231407,-0.761,-0.506404958677686,-0.191,-0.20434710743801648
2012-05-01,-0.18,-0.03561983471074381,-0.37,0.020462809917355374,-1.626,-0.5011404958677687,-0.405,-0.20342148760330575
2012-06-01,0.14,-0.030578512396694214,0.001,0.021735537190082647,-1.426,-0.4991735537190083,0.04,-0.20018181818181816
2012-07-01,0.44,-0.02743801652892562,0.546,0.025785123966942148,-1.953,-0.5035619834710744,0.162,-0.1989173553719008
2012-08-01,0.66,-0.02586776859504132,0.652,0.028297520661157028,-1.936,-0.5108429752066116,0.217,-0.2002066115702479
2012-09-01,0.44,-0.025785123966942148,0.453,0.026628099173553722,-2.309,-0.5120578512396694,-0.089,-0.20014049586776858
2012-10-01,0.23,-0.021487603305785127,0.11,0.02481818181818182,-0.918,-0.5110495867768595,0.002,-0.19764462809917355
2012-11-01,0.33,-0.016859504132231407,-0.1,0.026644628099173555,-0.577,-0.5001074380165289,0.231,-0.193396694214876
2012-12-01,-0.13,-0.010826446280991739,0.268,0.02773553719008265,-1.301,-0.49184297520661163,-0.147,-0.1887685950413223
2013-01-01,-0.42,-0.00462809917355372,-0.065,0.027958677685950412,-1.0,-0.4841322314049587,-0.353,-0.1859504132231405
2013-02-01,-0.4,0.004132231404958678,0.189,0.02878512396694215,-1.109,-0.4755702479338843,-0.426,-0.18016528925619832
2013-03-01,-0.14,0.012148760330578514,0.083,0.028388429752066117,-1.109,-0.4702892561983471,-0.248,-0.17723966942148758
2013-04-01,-0.08,0.01884297520661157,-0.297,0.026900826446280994,-0.556,-0.46661983471074386,-0.312,-0.17218181818181816
2013-05-01,-0.28,0.025206611570247933,-0.506,0.029173553719008267,-0.294,-0.45672727272727276,-0.407,-0.16778512396694212
2013-06-01,-0.33,0.03148760330578512,-0.497,0.02898347107438017,-1.069,-0.45147933884297525,-0.578,-0.1646198347107438
2013-07-01,-0.28,0.03735537190082644,-0.18,0.027644628099173556,-1.139,-0.4386280991735537,-0.716,-0.1611487603305785
2013-08-01,-0.29,0.03809917355371901,-0.194,0.026619834710743803,-1.088,-0.42829752066115706,-0.711,-0.1598264462809917
2013-09-01,-0.09,0.04090909090909091,-0.31,0.030586776859504138,-0.658,-0.41937190082644626,-0.536,-0.1583801652892562
2013-10-01,-0.24,0.05016528925619835,-0.168,0.035537190082644624,-1.267,-0.4118099173553719,-0.448,-0.1536776859504132
2013-11-01,-0.02,0.06090909090909091,0.199,0.0394297520661157,-0.895,-0.40347933884297527,-0.368,-0.14757024793388432
2013-12-01,-0.09,0.07198347107438018,0.141,0.043041322314049585,-0.928,-0.3939504132231405,-0.414,-0.1399504132231405
2014-01-01,-0.42,0.08363636363636365,-0.101,0.04667768595041323,-0.496,-0.38602479338842977,-0.445,-0.13190082644628098
2014-02-01,-0.45,0.09702479338842976,-0.089,0.049859504132231405,-0.227,-0.3768595041322314,-0.341,-0.12437190082644627
2014-03-01,-0.07,0.10958677685950413,-0.151,0.05036363636363637,0.464,-0.36656198347107444,0.026,-0.1176280991735537
2014-04-01,0.28,0.12107438016528926,-0.058,0.051669421487603305,0.526,-0.350504132231405,0.107,-0.10822314049586776
2014-05-01,0.45,0.12818181818181817,-0.092,0.05508264462809918,1.153,-0.3314297520661157,0.304,-0.10319008264462809
2014-06-01,0.48,0.1322314049586777,-0.028,0.05796694214876033,-0.324,-0.3229090909090909,0.203,-0.10181818181818181
2014-07-01,0.13,0.1315702479338843,-0.363,0.06207438016528926,0.4,-0.31302479338842976,0.103,-0.1048181818181818
2014-08-01,0.14,0.1274380165289256,-0.372,0.06726446280991737,0.361,-0.3067355371900827,-0.023,-0.11113223140495868
2014-09-01,0.37,0.12322314049586777,-0.145,0.07550413223140495,0.621,-0.3032809917355372,0.029,-0.11747107438016528
2014-10-01,0.48,0.1221487603305785,0.141,0.08432231404958677,1.202,-0.3128595041322314,0.349,-0.12441322314049585
2014-11-01,0.89,0.1203305785123967,0.01,0.09133057851239668,1.132,-0.3164297520661157,0.656,-0.12959504132231403
2014-12-01,0.77,0.11223140495867769,0.046,0.09389256198347107,1.567,-0.31008264462809915,0.671,-0.139198347107438
2015-01-01,0.59,0.10256198347107438,-0.1,0.09399999999999999,1.336,-0.3165454545454546,0.461,-0.1474793388429752
2015-02-01,0.57,0.0947107438016529,-0.345,0.09201652892561983,1.426,-0.32707438016528934,0.452,-0.15683471074380162
2015-03-01,0.48,0.08793388429752066,-0.241,0.09198347107438015,1.26,-0.34185123966942155,0.248,-0.1658099173553719
2015-04-01,0.9,0.0831404958677686,-0.008,0.08810743801652894,0.83,-0.3511157024793388,0.639,-0.1694710743801653
2015-05-01,1.04,0.07752066115702479,0.24,0.08751239669421489,0.389,-0.35524793388429754,0.599,-0.1755289256198347
2015-06-01,1.28,0.07702479338842975,0.296,0.09151239669421486,0.657,-0.36087603305785126,0.93,-0.18071074380165286
2015-07-01,1.56,0.08181818181818182,0.225,0.09531404958677686,1.144,-0.3628512396694215,1.199,-0.18113223140495868
2015-08-01,1.87,0.08570247933884297,0.567,0.09380991735537189,0.889,-0.3600495867768595,1.302,-0.1805289256198347
2015-09-01,2.01,0.09123966942148759,0.294,0.09275206611570248,0.936,-0.3563636363636364,1.681,-0.1781900826446281
2015-10-01,2.21,0.09429752066115703,0.483,0.09557851239669421,0.72,-0.34849586776859504,1.679,-0.17472727272727273
2015-11-01,2.57,0.09958677685950412,0.347,0.09935537190082645,0.067,-0.3519256198347107,1.682,-0.17112396694214876
2015-12-01,2.56,0.10446280991735536,0.272,0.10369421487603304,0.01,-0.35004958677685954,1.619,-0.16797520661157025
2016-01-01,2.56,0.10933884297520662,0.266,0.10586776859504131,0.521,-0.34083471074380167,1.753,-0.16432231404958678
2016-02-01,2.11,0.1156198347107438,-0.11,0.1062892561983471,1.113,-0.33589256198347106,1.148,-0.15997520661157025
2016-03-01,1.6,0.12008264462809917,-0.009,0.10648760330578512,1.447,-0.33806611570247935,1.126,-0.1571818181818182
2016-04-01,1.05,0.12363636363636363,0.146,0.10552066115702478,1.619,-0.34226446280991735,0.771,-0.1551487603305785
2016-05-01,0.45,0.12636363636363634,-0.113,0.10432231404958676,1.498,-0.3488181818181818,0.404,-0.15576033057851238
2016-06-01,0.06,0.1302479338842975,-0.443,0.10504132231404958,0.676,-0.3550743801652893,0.355,-0.15442148760330576
2016-07-01,-0.25,0.1306611570247934,-0.758,0.10270247933884297,0.478,-0.3561322314049587,-0.027,-0.154099173553719
2016-08-01,-0.48,0.1294214876033058,-0.444,0.10004132231404958,-0.124,-0.3448925619834711,-0.267,-0.15195041322314048
2016-09-01,-0.46,0.13074380165289257,-0.437,0.09671900826446281,-0.327,-0.3418264462809918,-0.402,-0.15133884297520658
2016-10-01,-0.75,0.1305785123966942,-0.372,0.09429752066115703,-0.296,-0.3485702479338843,-0.695,-0.15272727272727274
2016-11-01,-0.63,0.1309917355371901,-0.382,0.09192561983471075,0.66,-0.35614049586776864,-0.337,-0.15409090909090908
2016-12-01,-0.51,0.13115702479338845,-0.31,0.08815702479338842,0.315,-0.3556363636363636,-0.271,-0.15726446280991732
2017-01-01,-0.34,0.1334710743801653,-0.086,0.08875206611570247,-0.091,-0.35454545454545455,-0.169,-0.15741322314049588
2017-02-01,-0.01,0.13553719008264464,0.101,0.08768595041322315,0.108,-0.3538429752066116,0.082,-0.15926446280991735
2017-03-01,-0.09,0.13363636363636366,0.357,0.08756198347107437,0.196,-0.35560330578512395,-0.085,-0.1659421487603306
2017-04-01,0.22,0.13016528925619836,0.499,0.08678512396694214,0.492,-0.3593801652892562,-0.035,-0.17436363636363636
2017-05-01,0.3,0.12413223140495867,0.536,0.08801652892561984,0.397,-0.36989256198347104,0.043,-0.18670247933884296
2017-06-01,0.22,0.11925619834710743,0.424,0.08830578512396695,0.122,-0.36807438016528926,-0.069,-0.19489256198347107
2017-07-01,0.22,0.1134710743801653,0.52,0.08668595041322315,-0.445,-0.37499173553719006,-0.161,-0.20660330578512395
2017-08-01,-0.18,0.101900826446281,0.349,0.08014049586776859,-0.334,-0.3749421487603306,-0.329,-0.2205206611570248
2017-09-01,-0.56,0.08768595041322313,0.034,0.0720909090909091,0.038,-0.37319008264462816,-0.552,-0.23635537190082645
2017-10-01,-0.52,0.07586776859504132,0.016,0.06263636363636364,-0.46,-0.3653801652892562,-0.689,-0.24927272727272726
2017-11-01,-0.84,0.06768595041322313,0.289,0.05950413223140495,-0.547,-0.37421487603305786,-0.862,-0.2612809917355372
2017-12-01,-0.85,0.05785123966942149,0.109,0.059570247933884296,-0.23,-0.38462809917355373,-0.923,-0.2739752066115702
2018-01-01,-0.86,0.052479338842975204,-0.2,0.05825619834710744,0.174,-0.3817107438016529,-0.978,-0.28154545454545454
2018-02-01,-0.73,0.050826446280991734,0.215,0.06009090909090909,-0.194,-0.38397520661157025,-0.855,-0.28791735537190083
2018-03-01,-0.73,0.05305785123966942,-0.12,0.06195867768595041,-0.549,-0.3904462809917356,-1.009,-0.28930578512396693
2018-04-01,-0.36,0.05619834710743801,-0.083,0.06590082644628098,-0.511,-0.4017107438016529,-0.468,-0.29095867768595046
2018-05-01,-0.12,0.06074380165289256,0.122,0.07201652892561983,-0.301,-0.4132231404958678,-0.436,-0.28959504132231406
2018-06-01,0.12,0.07090909090909091,0.155,0.08169421487603305,-0.713,-0.4285619834710744,-0.334,-0.28546280991735534
2018-07-01,0.27,0.08355371900826446,0.053,0.08991735537190082,-0.07,-0.4373471074380165,-0.122,-0.2793057851239669
2018-08-01,0.05,0.09876033057851238,0.122,0.09822314049586776,-0.123,-0.4441735537190083,-0.163,-0.2690247933884298
2018-09-01,0.3,0.11479338842975208,0.604,0.10764462809917355,-0.138,-0.45492561983471075,-0.051,-0.2591487603305785
2018-10-01,0.84,0.12867768595041323,0.685,0.1168512396694215,-0.432,-0.4661735537190083,0.122,-0.24979338842975204
2018-11-01,1.0,0.14727272727272728,0.5,0.12584297520661158,-0.53,-0.469099173553719,0.226,-0.23928099173553719
2018-12-01,0.97,0.16239669421487601,0.309,0.1312314049586777,-0.231,-0.4755867768595041,0.323,-0.23203305785123968
2019-01-01,0.51,,0.387,,-0.307,,0.056,
2019-02-01,0.62,,0.416,,-0.51,,0.059,
2019-03-01,0.81,,0.224,,-0.218,,0.067,
2019-04-01,0.67,,0.258,,0.201,,0.242,
2019-05-01,0.61,,0.539,,0.436,,0.252,
2019-06-01,0.66,,0.605,,0.023,,0.221,
2019-07-01,0.41,,0.597,,0.531,,-0.044,
2019-08-01,0.19,,0.436,,0.238,,-0.306,
2019-09-01,0.11,,0.893,,0.168,,-0.309,
2019-10-01,0.55,,0.964,,-0.705,,-0.123,
2019-11-01,0.74,,0.835,,-0.354,,0.135,
2019-12-01,0.51,,0.243,,0.009,,-0.07,
2020-01-01,0.64,,0.173,,-1.211,,0.134,
2020-02-01,0.48,,0.054,,-1.14,,-0.134,
2020-03-01,0.36,,0.019,,-1.427,,-0.399,
2020-04-01,0.49,,-0.011,,-1.085,,-0.038,
2020-05-01,-0.12,,0.298,,-0.457,,-0.421,
2020-06-01,-0.21,,0.454,,-0.813,,-0.635,
2020-07-01,-0.04,,0.32,,-0.938,,-0.63,
2020-08-01,-0.42,,-0.183,,-1.24,,-0.9,
2020-09-01,-0.66,,-0.19,,-1.053,,-1.1,
2020-10-01,-1.19,,0.074,,-0.687,,-1.302,
2020-11-01,-1.01,,0.02,,-1.498,,-1.341,
2020-12-01,-0.98,,0.03,,-0.956,,-1.189,
2021-01-01,-1.04,,0.051,,-0.562,,-1.264,
2021-02-01,-0.94,,0.243,,-0.871,,-1.158,
2021-03-01,-0.72,,0.266,,-1.332,,-0.967,
2021-04-01,-0.55,,0.25,,-1.439,,-0.904,
2021-05-01,-0.41,,0.009,,-1.616,,-0.963,
2021-06-01,-0.06,,-0.002,,-1.655,,-0.671,
2021-07-01,-0.2,,-0.228,,-1.573,,-0.763,
2021-08-01,-0.38,,-0.099,,-0.777,,-0.623,
2021-09-01,-0.5,,-0.058,,-1.626,,-0.932,
2021-10-01,-0.78,,-0.091,,-2.683,,-1.22,
2021-11-01,-0.88,,0.069,,-2.469,,-1.438,
2021-12-01,-1.07,,-0.12,,-2.419,,-1.714,
2022-01-01,-0.77,,-0.056,,-2.052,,-1.307,
2022-02-01,-0.68,,-0.083,,-1.584,,-1.18,
2022-03-01,-0.84,,-0.093,,-1.361,,-1.282,
2022-04-01,-0.9,,-0.068,,-1.805,,-1.434,
2022-05-01,-1.02,,-0.122,,-2.033,,-1.684,
2022-06-01,-0.77,,-0.335,,-1.406,,-1.396,
2022-07-01,-0.56,,-0.195,,-2.263,,-1.377,
2022-08-01,-0.96,,-0.246,,-1.947,,-1.522,
2022-09-01,-1.06,,-0.322,,-1.724,,-1.699,
2022-10-01,-0.99,,-0.691,,-1.364,,-1.652,
2022-11-01,-0.76,,-0.269,,-1.987,,-1.451,
2022-12-01,-0.86,,-0.092,,-1.837,,-1.305,
2023-01-01,-0.78,,0.109,,-0.948,,-1.063,
2023-02-01,-0.62,,0.157,,-1.274,,-1.124,
2023-03-01,-0.13,,0.415,,-1.892,,-0.594,
2023-04-01,0.24,,0.56,,-2.472,,-0.448,
2023-05-01,0.47,,0.443,,-1.949,,-0.147,
2023-06-01,0.95,,0.665,,-2.15,,0.093,
2023-07-01,1.2,,0.498,,-2.132,,0.167,
2023-08-01,1.56,,0.825,,-1.965,,0.528,
2023-09-01,1.65,,0.946,,-2.389,,0.484,
2023-10-01,1.59,,0.804,,-2.019,,0.596,
2023-11-01,2.01,,0.92,,-1.621,,0.824,
2023-12-01,1.81,,0.851,,-1.68,,0.509,
