,Nino3.4,Nino3.4 Highpass (<8 years),Nino3.4 Lowpass (>8 years),DMI,DMI Highpass (<8 years),DMI Lowpass (>8 years)
1900-01-15,1.41,-0.11334325257781552,1.534614458747479,-0.469,-0.145914497124543,-0.31910716928555927
1900-02-15,1.29,-0.22638669169654824,1.5290402324159813,-0.293,0.03078724486479532,-0.31928571990729104
1900-03-15,0.99,-0.519426236465051,1.523466033676287,-0.464,-0.13951027660222054,-0.31946354436712865
1900-04-15,0.66,-0.8424619783231182,1.5178919246421043,-0.319,0.006192923845332515,-0.3196406391993508
1900-05-15,0.54,-0.9554940089160389,1.5123179674179492,-0.159,0.16689683151055182,-0.31981700095097654
1900-06-15,0.76,-0.7285224200928926,1.5067442240976354,-0.042,0.2846014316288783,-0.3199926261818554
1900-07-15,0.75,-0.7315473039048397,1.5011707567627641,-0.319,0.008306709368266857,-0.3201675114647574
1900-08-15,0.78,-0.6945687526034088,1.4955976274812133,-0.49,-0.16198735017063984,-0.3203416533854623
1900-09-15,0.56,-0.9075868586387768,1.490024898305626,-0.538,-0.20928076195433698,-0.3205150485428493
1900-10-15,0.42,-1.0406017146580369,1.484452631271901,-0.429,-0.09957354101627874,-0.3206876935489863
1900-11-15,0.14,-1.3136134135034672,1.478880888397684,-0.196,0.13413429754330175,-0.3208595850292185
1900-12-15,0.6,-0.8466220482107807,1.473309731680859,-0.633,-0.3021572614424245,-0.3210307196222565
1901-01-15,0.82,-0.6196277120073799,1.46773922309804,-0.54,-0.20844823320669545,-0.321201093980264
1901-02-15,0.29,-1.1426304983105955,1.4621694246030645,-0.868,-0.5357386330489722,-0.32137070476894525
1901-03-15,0.05,-1.3756305007259257,1.4566003981254885,-0.72,-0.3870284763347468,-0.3215395486676319
1901-04-15,-0.13,-1.5486278130452686,1.451032205569081,-0.514,-0.18031777849535274,-0.3217076223693697
1901-05-15,-0.19,-1.6016225292451436,1.445464908810322,-0.553,-0.21860655502776793,-0.3218749225810048
1901-06-15,-0.26,-1.6646147434849077,1.439898569696901,-0.618,-0.2828948214944175,-0.3220414460232698
1901-07-15,-0.3,-1.697604550104967,1.4343332500462167,-0.713,-0.377182593522974,-0.32220718943086857
1901-08-15,-0.38,-1.7705920436249754,1.4287690116438756,-0.825,-0.4884698868061535,-0.32237214955256144
1901-09-15,-0.3,-1.683577318742031,1.4232059162421948,-1.029,-0.6917567171015094,-0.32253632315124936
1901-10-15,-0.31,-1.6865604703288666,1.4176440255587033,-0.774,-0.436043100231226,-0.3226997070040579
1901-11-15,-0.39,-1.7595415934320413,1.412083401274645,-0.741,-0.40232905208190745,-0.3228622979024208
1901-12-15,-0.35,-1.7125207832701195,1.4065241050334847,-0.681,-0.3416145886043659,-0.3230240926521627
1902-01-15,-0.5,-1.8554981352318443,1.4009661984394124,-0.473,-0.13289972581340712,-0.3231850880735817
1902-02-15,-0.26,-1.6084737448742996,1.395409743055851,-0.453,-0.1121844797876145,-0.3233452810015319
1902-03-15,-0.27,-1.611447707921069,1.3898548004039655,-0.251,0.09053113333087301,-0.3235046682855053
1902-04-15,0.2,-1.1344201202603883,1.3843014319611737,0.051,0.3932470973365814,-0.3236632467897128
1902-05-15,0.47,-0.8573910779432965,1.3787496991596586,-0.042,0.3009633959609272,-0.3238210133931655
1902-06-15,0.77,-0.5503606771817745,1.3731996633848822,-0.09,0.25368001287244574,-0.32397796498975484
1902-07-15,1.44,0.1266709856531175,1.3676513859741024,-0.07,0.2743969316770206,-0.32413409848833263
1902-08-15,1.21,-0.09629618596688971,1.3621049282148907,0.333,0.6781141359181162,-0.3242894108127904
1902-09-15,1.44,0.14073771127460197,1.3565603513436506,0.209,0.5548316090770111,-0.32444389890213865
1902-10-15,1.4,0.1077725805405392,1.3510177165441415,-0.238,0.10854933457303831,-0.32459755971058557
1902-11-15,1.54,0.25480832484230787,1.3454770849460034,-0.047,0.3002672957638247,-0.32475039020761554
1902-12-15,1.39,0.11184484704162545,1.3399385176232825,-0.266,0.08198547594553159,-0.32490238737806665
1903-01-15,1.33,0.05888204985244244,1.3344020755929598,-0.479,-0.1302961416468984,-0.3250535482222078
1903-02-15,0.93,-0.33408016415715447,1.3288678198134796,-0.571,-0.22157757383949583,-0.32520386975581517
1903-03-15,0.79,-0.46704189256303086,1.3233358111832811,-0.364,-0.013858837519014932,-0.3253533490102488
1903-04-15,0.36,-0.8900032330830889,1.3178061105393337,-0.628,-0.2771399496326816,-0.3255019830325284
1903-05-15,-0.1,-1.342964283575345,1.3122787786556729,-0.267,0.08457907281206138,-0.3256497688854084
1903-06-15,0.29,-0.9459251420360022,1.3067538762419377,-0.335,0.01729821274781021,-0.32579670364745306
1903-07-15,-0.49,-1.7188859065975142,1.3012314639419116,-0.614,-0.26098254695253814,-0.32594278441311053
1903-08-15,-0.32,-1.5418466755266436,1.2957116023320627,-0.452,-0.09826322347552445,-0.32608800829278695
1903-09-15,-0.6,-1.8148075472225196,1.2901943519200896,-0.69,-0.33554383406686317,-0.3262323724129196
1903-10-15,-0.42,-1.6277686202146877,1.2846797731434676,-1.036,-0.680824396031174,-0.3263758739160495
1903-11-15,-0.76,-1.9607299931611497,1.2791679263679998,-0.628,-0.2721049267317124,-0.32651850996089393
1903-12-15,-1.02,-2.213691764846405,1.27365887188637,-0.441,-0.08438544359010014,-0.326660277722418
1904-01-15,-0.73,-1.916654034179487,1.2681526699166974,-0.219,0.1383340359139525,-0.32680117439190604
1904-02-15,-0.79,-1.9696169001919897,1.2626493806010939,-0.234,0.12405349424292328,-0.3269411971770321
1904-03-15,-0.85,-2.022580462036096,1.2571490640042238,-0.219,0.13977291380175824,-0.32708034330193037
1904-04-15,-0.72,-1.885544818982595,1.2516517801118687,-0.029,0.3304922769381535,-0.32721861000726504
1904-05-15,-0.4,-1.558510070418895,1.2461575888294942,-0.258,0.10221156594283962,-0.3273559945502994
1904-06-15,0.14,-1.011476315847036,1.2406665499808196,-0.286,0.07493076304987047,-0.3274924942049645
1904-07-15,0.75,-0.3944436548816896,1.2351787233063898,-0.287,0.07464985043691133,-0.3276281062619276
1904-08-15,0.54,-0.5974121872481581,1.2296941684621516,-0.413,-0.05063118977446805,-0.3277628280286601
1904-09-15,0.01,-1.1203820127803665,1.2242129450180328,-0.678,-0.31491237551849854,-0.32789665682950464
1904-10-15,0.91,-0.21335323141885096,1.2187351124565233,-0.237,0.12680627521508625,-0.3280295900057425
1904-11-15,0.15,-0.9663259432087453,1.2132607301712608,-0.353,0.011524744381349268,-0.32816162491565926
1904-12-15,0.86,-0.24930024829775393,1.207789857465619,-0.644,-0.27875698611954447,-0.3282927589346104
1905-01-15,0.68,-0.4222762469341319,1.2023225535512982,-0.601,-0.2350389344420236,-0.32842298945508597
1905-02-15,0.72,-0.3752540394646484,1.1968588775469198,-0.372,-0.005321118794802938,-0.32855231388677486
1905-03-15,0.92,-0.16823372633255412,1.191398888476623,-0.472,-0.10460355744057348,-0.32868072965662887
1905-04-15,0.29,-0.7912154080755402,1.185942645268669,-0.468,-0.09988626869568909,-0.32880823420892635
1905-05-15,1.08,0.005800814676309107,1.180490206754047,-0.205,0.1638307290701494,-0.32893482500533533
1905-06-15,0.59,-0.4771851587974385,1.1750416316650845,-0.447,-0.07745258256578955,-0.32906049952497585
1905-07-15,0.82,-0.24017342930550434,1.1695969786340616,-0.275,0.09526377792105531,-0.3291852552644817
1905-08-15,1.04,-0.013164097742843661,1.164156306191829,-0.22,0.15097979200285874,-0.32930908973806206
1905-09-15,1.42,0.37384273491141695,1.1587196727664284,0.024,0.39569544109973565,-0.32943200047756205
1905-10-15,1.12,0.08084696759604937,1.1532871366817177,-0.462,-0.0895892934199313,-0.3295539850325234
1905-11-15,0.83,-0.20215150083020356,1.1478587561559999,-0.436,-0.06287443023916009,-0.32967504097024414
1905-12-15,1.17,0.14484722841344821,1.1424345893006564,-0.56,-0.18615998809203899,-0.32979516587583724
1906-01-15,0.89,-0.12815694596807825,1.1370146941187849,-0.605,-0.23044598576338937,-0.32991435735228924
1906-02-15,0.67,-0.3411641253436506,1.1315991285038396,-0.485,-0.10973244208842772,-0.3300326130205181
1906-03-15,0.8,-0.20417441115383417,1.1261879502382768,-0.51,-0.1340193759524244,-0.33014993051943053
1906-04-15,0.45,-0.5471879049087987,1.1207812169922042,-0.788,-0.4113068062903587,-0.33026630750597896
1906-05-15,0.02,-0.9702047081862186,1.115378986322035,-0.425,-0.04759475208657309,-0.33038174165521783
1906-06-15,0.15,-0.8332249226291728,1.109981315669145,-0.39,-0.01188323237442665,-0.33049623066035927
1906-07-15,-0.49,-1.4662486499440406,1.104588262358536,-0.986,-0.6071722662359412,-0.33060977223282817
1906-08-15,-0.37,-1.339275991898389,1.0991998835975,-1.085,-0.7054618728014472,-0.3307223641023168
1906-09-15,-0.81,-1.772307050318861,1.0938162364742907,-1.634,-1.2537520712492298,-0.3308340040168388
1906-10-15,-0.87,-1.8253419270890558,1.088437377956795,-1.012,-0.6310428808051676,-0.3309446897427829
1906-11-15,-0.33,-1.278380724147409,1.083063364891212,-0.794,-0.4123343207423714,-0.3310544190649659
1906-12-15,-0.51,-1.4514235434850646,1.0776942540007348,-0.349,0.033373589619178454,-0.331163189786685
1907-01-15,-0.57,-1.5044704871437435,1.0723301018842393,-0.37,0.013080830912998775,-0.33127099972976976
1907-02-15,-0.41,-1.3375216572136108,1.0669709650149746,-0.185,0.19878738372647536,-0.33137784673463283
1907-03-15,-0.43,-1.350577155831141,1.0616168997392585,-0.051,0.33349322860123326,-0.33148372866032044
1907-04-15,-0.56,-1.4736370851769753,1.0562679622751772,-0.367,0.018198346033511642,-0.331588643384562
1907-05-15,-0.47,-1.3767015474737778,1.0509242087112887,-0.308,0.07790271647454153,-0.3316925888038195
1907-06-15,-0.41,-1.3097706449840867,1.0455856950053317,-0.345,0.041606320330923235,-0.3317955628333364
1907-07-15,-0.55,-1.4428444800081615,1.0402524769829393,-0.602,-0.21469086203498983,-0.3318975634071856
1907-08-15,-0.65,-1.5359231548818295,1.0349246103363587,-0.933,-0.5449888503047062,-0.3319985884783176
1907-09-15,0.13,-0.749006771974327,1.0296021506231752,-0.526,-0.13728766420320823,-0.33209863601860706
1907-10-15,-0.25,-1.1220954336861382,1.024285153265039,-0.403,-0.0135873234985633,-0.3321977040189001
1907-11-15,-0.25,-1.1151892424468273,1.0189736735463992,-0.388,0.00211215199846998,-0.33229579048905994
1907-12-15,-0.09,-0.9482883007128724,1.0136677666132414,-0.221,0.16981074243483713,-0.33239289345801243
1908-01-15,-0.27,-1.1213927109654924,1.0083674874718322,-0.392,-0.0004915720844155119,-0.33248901097379074
1908-02-15,0.07,-0.7745025757084698,1.0030728909874698,-0.35,0.04220518850426108,-0.3325841411035794
1908-03-15,-0.63,-1.4676179974659715,0.9977840318832374,-0.251,0.14190100422331983,-0.3326782819337574
1908-04-15,-0.55,-1.3807390787803626,0.9925009647387621,-0.789,-0.39540414494547627,-0.332771431569941
1908-05-15,-0.45,-1.2738659222100235,0.9872237439889788,-0.229,0.16528972093935462,-0.3328635881370256
1908-06-15,-0.22,-1.036998630327159,0.9819524239228998,0.041,0.43598258177942106,-0.33295474977922773
1908-07-15,-0.63,-1.4401373057156064,0.9766870586823904,-0.598,-0.2023255825631262,-0.3330449146601257
1908-08-15,-0.4,-1.2032820509686384,0.971427702260949,-0.46,-0.06363479226517732,-0.33313408096269986
1908-09-15,-0.52,-1.3164329686867675,0.9661744085024921,-0.318,0.07905493245775272,-0.33322224688937235
1908-10-15,-0.5,-1.289590161475542,0.9609272311001453,-0.468,-0.07025642864805386,-0.33330941066204617
1908-11-15,-0.88,-1.6627537319433436,0.9556862235950396,-0.508,-0.10956889587409341,-0.3333955705221438
1908-12-15,-1.15,-1.9259237826991784,0.9504514393751127,-0.582,-0.1828824895492164,-0.3334807247306452
1909-01-15,-0.29,-1.0591004163504645,0.9452229316739162,-0.732,-0.33219723003919793,-0.33356487156812537
1909-02-15,-0.88,-1.6422837355008224,0.9400007535694288,-0.501,-0.1005131377463078,-0.33364800933479083
1909-03-15,-0.54,-1.2954738427478543,0.9347849579828742,-0.559,-0.15783023310887864,-0.33373013635051624
1909-04-15,-0.68,-1.4286708406809299,0.9295755976775457,-0.444,-0.04214853660086844,-0.33381125095487957
1909-05-15,-0.36,-1.1018748318789624,0.9243727252576371,-0.802,-0.39946806873142365,-0.33389135150719723
1909-06-15,-1.1,-1.8350859189081854,0.919176393167077,-0.917,-0.5137888500444362,-0.33397043638655827
1909-07-15,-1.0,-1.7283042043199204,0.9139866536883675,-1.032,-0.6281109011181021,-0.3340485039918581
1909-08-15,-0.97,-1.6915297906483509,0.9088035589414313,-0.986,-0.5814342425644735,-0.3341255527418316
1909-09-15,-0.85,-1.5647627804082864,0.9036271608824628,-0.919,-0.5137588950290111,-0.3342015810750853
1909-10-15,-1.24,-1.9480032760929304,0.8984575113027843,-0.729,-0.3230848791901301,-0.33427658745012895
1909-11-15,-1.5,-2.2012513801716382,0.8932946618277097,-0.424,-0.01741221575874566,-0.3343505703454068
1909-12-15,-1.08,-1.7745071950876798,0.8881386639154135,-0.256,0.1512590745221839,-0.33442352825932814
1910-01-15,-0.93,-1.6177708232559975,0.8829895688558086,-0.551,-0.14307102912188321,-0.33449545971029754
1910-02-15,-0.64,-1.3210423670609552,0.877847427769427,-0.169,0.23959745250339026,-0.3345663632367439
1910-03-15,-0.79,-1.4643219288540927,0.8727122916063088,-0.489,-0.07973550143831805,-0.33463623739714915
1910-04-15,-1.17,-1.837609610951874,0.8675842111448961,-0.394,0.015930088186479285,-0.3347050807700766
1910-05-15,-1.41,-2.070905515633436,0.8624632369909326,-0.531,-0.12040579951845365,-0.3347728919541983
1910-06-15,-1.04,-1.6942097451383356,0.8573494195763676,-0.46,-0.048743185478602846,-0.3348396695683222
1910-07-15,-0.88,-1.5275224016642883,0.8522428091582688,-1.036,-0.6240820906482318,-0.33490541225141873
1910-08-15,-0.9,-1.5408435873649131,0.8471434558177395,-0.821,-0.4084225360099022,-0.334970118662647
1910-09-15,-1.29,-1.9241734043474692,0.8420514094588412,-1.022,-0.6087645425739985,-0.33503378748137974
1910-10-15,-0.94,-1.5675119546705936,0.8369667198075236,-1.053,-0.6391081313782421,-0.33509641740722856
1910-11-15,-0.53,-1.1508593403420386,0.8318894364105626,-0.682,-0.26745332348720924,-0.3351580071600679
1910-12-15,-0.64,-1.2542156633164026,0.8268196086345027,-0.296,0.11919986000815702,-0.3352185554800586
1911-01-15,-0.57,-1.1775810254928611,0.8217572856646064,-0.194,0.22185139799103704,-0.33527806112767083
1911-02-15,-0.58,-1.1809555287128966,0.8167025165038097,-0.486,-0.0694987306807722,-0.33533652288370636
1911-03-15,-0.82,-1.414339274758024,0.8116553499716835,-0.735,-0.31785054717436284,-0.3353939395493202
1911-04-15,-1.11,-1.6977323653475132,0.8066158347034007,-0.744,-0.3262040726812201,-0.33545030994604175
1911-05-15,-1.05,-1.6311349021361121,0.80158401914871,-0.436,-0.017559328416722253,-0.3355056329157955
1911-06-15,-0.64,-1.214546986711769,0.796559951570919,-0.814,-0.3949163356196389,-0.33555990732092034
1911-07-15,-0.22,-0.7879687205933508,0.7915436800458797,-0.774,-0.35427511555162566,-0.33561313204418886
1911-08-15,-0.28,-0.8414002052283627,0.7865352524609819,-0.586,-0.16563568949671695,-0.33566530598882616
1911-09-15,0.22,-0.3348415419906634,0.7815347165141532,-0.544,-0.1229980787608164,-0.33571642807852786
1911-10-15,0.2,-0.34829283217818285,0.7765421197128665,-0.669,-0.24736230467118422,-0.3357664972574772
1911-11-15,0.84,0.2982458229893674,0.7715575093731527,-0.229,0.19327161142407723,-0.3358155124903621
1911-12-15,0.96,0.4247743223727789,0.7665809326186214,-0.153,0.26990364815653917,-0.33586347276239126
1912-01-15,1.55,1.0212925649156392,0.761612436379486,-0.252,0.17153378413796866,-0.3359103770793097
1912-02-15,0.83,0.30780044964662046,0.7566520673915975,-0.302,0.12216199796084937,-0.3359562244674137
1912-03-15,0.69,0.1742978756817728,0.7516998721954851,-0.052,0.37278826819890565,-0.3360010139735643
1912-04-15,0.58,0.07078474222681974,0.7467558971354018,-0.257,0.16841257340762888,-0.3360447446652013
1912-05-15,0.0,-0.502739051420547,0.7418201883583775,-0.061,0.365034892124808,-0.33608741563035593
1912-06-15,-0.24,-0.7362736058683681,0.7368927918132785,-0.003,0.4236552028710592,-0.3361290259776635
1912-07-15,-0.1,-0.5898190216281165,0.7319737532498743,-0.672,-0.2447265158496395,-0.3361695748363751
1912-08-15,-0.4,-0.8833753991123993,0.7270631182179107,-0.767,-0.33911028554940914,-0.3362090613563695
1912-09-15,0.09,-0.3869428386326561,0.7221609320661905,-0.725,-0.2964961277559335,-0.3362474847081638
1912-10-15,-0.13,-0.6005214403968582,0.7172672399416624,-0.609,-0.17988406401191626,-0.3362848440829236
1912-11-15,0.16,-0.30411130450720125,0.7123820867885147,-0.734,-0.3042741158745371,-0.3363211386924725
1912-12-15,-0.49,-0.9477125309578028,0.7075055173472762,-0.502,-0.07166630491490411,-0.33635636776930067
1913-01-15,-0.2,-0.6513252196323918,0.7026375761539245,-0.237,0.1939393472824939,-0.33639053056657403
1913-02-15,0.18,-0.264949470302005,0.697778307539001,-0.136,0.2955428191203392,-0.33642362635814177
1913-03-15,0.16,-0.27858538262267385,0.6929277556267334,-0.135,0.2971440889890403,-0.33645565443854336
1913-04-15,-0.77,-1.2022330561331143,0.6880859643341638,-0.266,0.166743135267287,-0.3364866141230148
1913-05-15,-0.28,-0.7058925902524145,0.6832529773702851,-0.187,0.2463399363226096,-0.33651650474749367
1913-06-15,-0.16,-0.5795640842777288,0.6784288382351842,0.101,0.5349344705119384,-0.33654532566862444
1913-07-15,-0.15,-0.5632476373819626,0.6736135902191926,-0.338,0.09652671618216693,-0.3365730762637629
1913-08-15,-0.09,-0.4969433486114616,0.6688072764020435,-0.482,-0.046883348329281344,-0.3365997559309804
1913-09-15,0.05,-0.35065131688369666,0.6640099396520353,-0.468,-0.03229574469388699,-0.3366253640890669
1913-10-15,0.03,-0.3643716409849478,0.6592216226252025,-0.135,0.30128950540853694,-0.3366499001775343
1913-11-15,0.8,0.411895580432009,0.6544423677644946,-0.24,0.19687238029041637,-0.3366733636566191
1913-12-15,0.85,0.4681502488502154,0.6496722172989615,-0.248,0.18945285825699293,-0.3366957540072833
1914-01-15,0.7,0.3243922658908489,0.6449112132429458,-0.288,0.15003091760690024,-0.3367170707312162
1914-02-15,0.8,0.4306215333155359,0.6401593973952823,-0.172,0.26660653663274436,-0.33673731335083495
1914-03-15,0.32,-0.04316204697133297,0.635416811338506,-0.353,0.08617969362168526,-0.3367564814092843
1914-04-15,0.69,0.33304142707971796,0.6306834964380671,-0.238,0.2017503668560216,-0.33677457447043546
1914-05-15,0.01,-0.34076814233443375,0.6259594938415529,-0.106,0.33431853461377675,-0.3367915921188841
1914-06-15,0.08,-0.26459085286717965,0.6212448444779168,0.554,0.9948841751692878,-0.33680753395994845
1914-07-15,0.53,0.1915731979801365,0.6165395890567144,0.102,0.5434472667937963,-0.33682239961966653
1914-08-15,0.92,0.58772391286054,0.6118437680673455,-0.024,0.418007787756046,-0.33683618874479315
1914-09-15,0.68,0.3538611945837493,0.6071574217783046,-0.066,0.3765657163228747,-0.33684890100279585
1914-10-15,0.26,-0.060015053881503855,0.6024805902364367,-0.057,0.3861210307598135,-0.33686053608185074
1914-11-15,0.3,-0.013904929405149646,0.5978133132662038,-0.558,-0.1143262906683137,-0.33687109369083756
1914-12-15,0.68,0.37219147130653574,0.5931556304689566,-0.712,-0.2677762696967859,-0.3368805735593353
1915-01-15,0.88,0.5782740517132547,0.5885075812222152,-0.63,-0.18522892806038116,-0.3368889754376164
1915-02-15,0.65,0.35434271544301343,0.5838692046789569,-0.688,-0.2426842874927684,-0.33689629909664054
1915-03-15,0.49,0.20039736629443872,0.5792405397669107,-0.403,0.042857630274101846,-0.3369025443280472
1915-04-15,0.47,0.18643790823909723,0.5746216251878596,-0.28,0.16639680351060956,-0.33690771094414823
1915-05-15,0.52,0.2424642454238195,0.5700124994169496,-0.495,-0.04806678950991967,-0.3369117987779195
1915-06-15,1.1,0.8284762821730245,0.5654132007020063,-0.202,0.24546682948940252,-0.3369148076829926
1915-07-15,0.07,-0.19552607700896352,0.5608237670628602,-0.704,-0.25600236121035574,-0.3369167375336454
1915-08-15,0.05,-0.20954292743558867,0.55624423629068,-0.44,0.008525616676676936,-0.3369175882247925
1915-09-15,0.17,-0.0835743642357476,0.5516746459473111,-0.377,0.07205074144179595,-0.33691735967197495
1915-10-15,0.24,-0.00762048235146584,0.547115033364622,-0.316,0.1335729913823473,-0.3369160518113496
1915-11-15,-0.15,-0.3916813765355742,0.5425654356438581,-0.227,0.2230923448023555,-0.3369136645996775
1915-12-15,-0.23,-0.4657571413493834,0.5380258896550026,-0.026,0.4246087800131534,-0.3369101980143116
1916-01-15,-0.12,-0.34984787116036387,0.5334964320361467,-0.13,0.32112227533401416,-0.33690565205318385
1916-02-15,-0.61,-0.8339536601398266,0.5289770991928673,-0.03,0.4216328090927865,-0.3369000267347919
1916-03-15,-0.54,-0.7580746022606002,0.5244679272976114,0.058,0.5101403596265303,-0.336893322098186
1916-04-15,-0.63,-0.8422107912947127,0.5199689522890877,0.138,0.5906449052821553,-0.3368855382029545
1916-05-15,-0.23,-0.4363623208110702,0.5154802098716669,-0.156,0.29714642441706174,-0.33687667512920916
1916-06-15,-0.36,-0.5605292841731375,0.5110017355147889,-0.398,0.05564489539978383,-0.33686673297756986
1916-07-15,-1.11,-1.3047117745366175,0.5065335644523768,-0.686,-0.23185970338936643,-0.3368557118691484
1916-08-15,-1.48,-1.6689098848471315,0.5020757316822588,-0.852,-0.3973673935576522,-0.33684361194553203
1916-09-15,-1.36,-1.5431237078379034,0.4976282719655978,-1.268,-0.8128781966992636,-0.33683043336876617
1916-10-15,-1.36,-1.5373533360274396,0.4931912198263285,-0.97,-0.5143921343946636,-0.3368161763213371
1916-11-15,-1.72,-1.8915988617172113,0.4887646095506027,-0.706,-0.24990922820993708,-0.3368008410061541
1916-12-15,-1.64,-1.8058603769893353,0.4843484751862417,-0.28,0.17657050030386562,-0.3367844276465313
1917-01-15,-1.56,-1.7201379737042628,0.4799428505421969,-0.03,0.4270470296113863,-0.3367669364861688
1917-02-15,-1.2,-1.3544317434984579,0.47554776918801683,-0.046,0.41152033819361866,-0.33674836778913214
1917-03-15,-0.64,-0.7887417777820899,0.47116326445332257,-0.092,0.36599040454856985,-0.3367287218398323
1917-04-15,-0.29,-0.4330681677367181,0.4667893694272899,-0.236,0.2224572071919247,-0.3367079989430051
1917-05-15,-0.3,-0.4374110043129771,0.46242611695814057,-0.408,0.05092072465771167,-0.33668619942369055
1917-06-15,-0.04,-0.17177037822826402,0.4580735396526416,-0.341,0.11838093549897126,-0.33666332362721124
1917-07-15,-0.05,-0.17614637996442717,0.4537316698756114,-0.591,-0.13116218171157512,-0.3366393719191506
1917-08-15,0.15,0.02946090023454495,0.4494005397494334,-0.435,0.025291351619147428,-0.3366143446853297
1917-09-15,-0.03,-0.14494862763516525,0.44508018115357734,-0.872,-0.41125848589475966,-0.33658824233178375
1917-10-15,0.04,-0.06937505333489336,0.4407706257241289,-1.064,-0.6028117156174909,-0.3365610652847385
1917-11-15,-0.43,-0.533818466381186,0.4364719048533267,-0.897,-0.43536835889086023,-0.33653281399058577
1917-12-15,-0.72,-0.8182789560434915,0.43218404968910706,-0.67,-0.2079284370336204,-0.3365034889158586
1918-01-15,-0.84,-0.9327566113418534,0.4279070911346561,0.013,0.47550802865922137,-0.3364730905472055
1918-02-15,-0.82,-0.9072515210446026,0.42364105984796957,0.135,0.5979410169170853,-0.3364416193913646
1918-03-15,-0.96,-1.0417637736660552,0.4193859862414205,0.107,0.5703705064945075,-0.33640907597513675
1918-04-15,-0.56,-0.636293457464207,0.4151419004813343,-0.294,0.16979647617182708,-0.3363754608453588
1918-05-15,-0.17,-0.2408406604384321,0.4109088324875719,-0.421,0.04321890475587642,-0.3363407745688762
1918-06-15,0.37,0.3045945296728192,0.4066868119331193,-0.203,0.2616377710806711,-0.3363050177325148
1918-07-15,-0.07,-0.12998797460568023,0.40247586824368564,-0.129,0.3360530540081032,-0.33626819094305244
1918-08-15,0.12,0.0654117395163698,0.39827603059730876,-0.078,0.38746473242863777,-0.3362302948271898
1918-09-15,0.41,0.3607935850970905,0.3940873279239686,-0.0,0.4658727852620096,-0.33619133003152113
1918-10-15,0.93,0.8861574754647177,0.389909788905209,0.152,0.6182771914579219,-0.33615129722250403
1918-11-15,1.23,1.191503324219895,0.3857434419737663,0.195,0.6616779299967493,-0.3361101970864293
1918-12-15,1.3,1.266831045237962,0.38158831531320603,0.057,0.5240749798902389,-0.3360680303293899
1919-01-15,1.6,1.5721405526712422,0.3774444368575673,-0.027,0.44046832018221577,-0.33602479767724946
1919-02-15,1.24,1.2174317609513299,0.3733118342910154,-0.117,0.3508579299492896,-0.33598049987561024
1919-03-15,0.9,0.8827045847913797,0.3691905350475017,-0.27,0.19824378830156306,-0.33593513768978084
1919-04-15,0.69,0.6779589391883916,0.36508056631043134,-0.407,0.06162587438334181,-0.3358887119047432
1919-05-15,0.63,0.6231947394254975,0.3609819550123387,-0.399,0.07000416737384581,-0.33584122332511895
1919-06-15,0.61,0.6084119010742437,0.3568947278345709,-0.356,0.11337864648792279,-0.33579267277513575
1919-07-15,0.4,0.4036103399968727,0.3528189112069787,-0.176,0.29374929097676267,-0.33574306109859264
1919-08-15,0.62,0.6287899723485997,0.348754531307615,-0.319,0.15111608012861488,-0.3356923891588256
1919-09-15,0.5,0.5139507145798896,0.3447016140624405,-0.22,0.25047899326950784,-0.3356406578386725
1919-10-15,0.13,0.14909248343873327,0.3406601851450377,-0.349,0.12183800976396811,-0.3355878680404373
1919-11-15,-0.37,-0.34578480402708134,0.33663026997633294,-0.262,0.2091931090157438,-0.3355340206858538
1919-12-15,0.34,0.3693187695323068,0.33261189372432515,-0.406,0.06554427046852782,-0.3354791167160491
1920-01-15,0.64,0.6744031217710995,0.32860508130382265,0.017,0.4888914736066845,-0.33542315709150666
1920-02-15,0.6,0.6394681706501051,0.3246098573761877,0.055,0.5272346979559746,-0.33536614279202953
1920-03-15,0.53,0.5745138344390079,0.320626246349089,0.139,0.6115739230842872,-0.3353080748167023
1920-04-15,-0.16,-0.11045996828136839,0.3166542723762614,0.058,0.5309091286023695,-0.335248954183853
1920-05-15,-0.21,-0.155453318616797,0.3126939593572735,0.27,0.7432402941645596,-0.33518878193101465
1920-06-15,0.29,0.3495337026426075,0.30874533093730255,-0.058,0.4155673994695197,-0.3351275591148861
1920-07-15,0.15,0.21450101502464958,0.3048084105069179,-0.59,-0.11610957573902694,-0.33506528681129266
1920-08-15,0.13,0.19944853837730925,0.3008832212018717,-0.601,-0.12679065167155862,-0.3350019661151453
1920-09-15,0.27,0.3443761928709943,0.2969697859028969,-0.609,-0.1344758484920181,-0.3349375981404006
1920-10-15,0.48,0.5592838990007915,0.29306812723551307,-0.446,0.02883481368292791,-0.3348721840200189
1920-11-15,-0.08,0.004171577588716335,0.28917826756983983,-0.577,-0.1018586852153695,-0.33480572490592314
1920-12-15,-0.01,0.07903914978596172,0.28530022902041796,-0.388,0.08744363479320334,-0.3347382219689566
1921-01-15,0.43,0.5238865370751384,0.2814340334460376,-0.296,0.17974175373826673,-0.33466967639884065
1921-02-15,-0.52,-0.4212863387274832,0.2775797024495746,-0.165,0.3110356516996944,-0.3346000894041322
1921-03-15,-1.42,-1.316479555469732,0.27373725737783394,-0.081,0.3953253088083618,-0.3345294622121803
1921-04-15,-0.55,-0.44169319066130397,0.2699067193214015,-0.189,0.2876107052468951,-0.33445779606908255
1921-05-15,-0.92,-0.8069273214715308,0.2660881091145029,-0.041,0.4358918212504222,-0.3343850922396415
1921-06-15,-0.21,-0.09218202472714299,0.2622814473348706,-0.214,0.26316863710732435,-0.3343113520073197
1921-07-15,-0.27,-0.14745737691004623,0.2584867543036173,-0.441,0.03644113315998984,-0.33423657667419454
1921-08-15,-0.29,-0.16275345415509213,0.254704050085118,-0.932,-0.4542907101944315,-0.3341607675609128
1921-09-15,-0.17,-0.03807033224785472,0.2509333544868991,-0.548,-0.07002691250327148,-0.33408392600664477
1921-10-15,0.04,0.17659191337759195,0.2471746870595352,-0.474,0.004232506742412462,-0.33400605336903855
1921-11-15,-1.03,-0.8887667923591077,0.24342806709655349,-0.484,-0.00551247189140186,-0.33392715102417303
1921-12-15,-0.5,-0.3541465241823707,0.23969351363434535,-0.382,0.09673813221905915,-0.33384722036651127
1922-01-15,-0.54,-0.3895473564584705,0.23597104545208566,-0.382,0.09698429975612513,-0.33376626280885313
1922-02-15,-0.07,0.08503063680667844,0.23226068107166,-0.196,0.28322601146144555,-0.3336842797822877
1922-03-15,0.08,0.2395873819697263,0.22856243875759857,0.079,0.5584632481367526,-0.3336012727361451
1922-04-15,-0.54,-0.375877194247905,0.22487633651701788,-0.39,0.0896959906446259,-0.33351724313794767
1922-05-15,0.22,0.3886368352421825,0.2212023920995701,-0.376,0.10392421990926116,-0.3334321924733617
1922-06-15,-0.44,-0.2668706021024415,0.2175406229973996,-0.068,0.4121479169172356,-0.3333461222461479
1922-07-15,-0.44,-0.2623995784528341,0.21389104644510729,-0.548,-0.06763293728172198,-0.33325903397811196
1922-08-15,-0.78,-0.5979501656064914,0.21025367941972223,-0.415,0.06558163842604124,-0.3331709292090542
1922-09-15,-0.38,-0.19352243498515553,0.20662853864068043,-0.511,-0.030208374781128505,-0.33308180949671934
1922-10-15,-0.26,-0.06911645763263119,0.20301564056981083,-0.529,-0.04800299565941632,-0.3329916764167455
1922-11-15,-0.31,-0.11473230421260094,0.199415001411329,-0.547,-0.06580224289876563,-0.3329005315626136
1922-12-15,-0.53,-0.33037004500644707,0.19582663711183812,-0.304,0.17739386487789718,-0.33280837654559575
1923-01-15,-0.41,-0.2060297499110756,0.19225056336033733,-0.204,0.2775853091154381,-0.33271521299470286
1923-02-15,-0.76,-0.5517114884367456,0.18868679558823748,-0.413,0.06877207132729321,-0.3326210425566325
1923-03-15,-0.85,-0.6374153297048976,0.1851353489693842,-0.282,0.19995413309624738,-0.33252586689571584
1923-04-15,-0.55,-0.33314134244599025,0.1815962384200882,-0.239,0.24313147607521207,-0.33242968769386444
1923-05-15,-0.25,-0.02888959499733712,0.178069478599163,-0.311,0.17130408198800742,-0.33233250665051633
1923-06-15,-0.15,0.07533984469905264,0.17455508390797006,-0.102,0.3804719326301432,-0.3322343254825822
1923-07-15,-0.2,0.029546909098631335,0.17105306849047136,-0.403,0.07963500986960029,-0.3321351459243912
1923-08-15,0.2,0.4337315310564651,0.16756344623328875,-0.001,0.48179329564761575,-0.3320349697276367
1923-09-15,0.64,0.8778936438293825,0.16408623076577075,0.241,0.723946771979465,-0.331933798661321
1923-10-15,0.79,1.0320331810781191,0.16062143546006669,0.276,0.7590954209552496,-0.3318316345116997
1923-11-15,0.87,1.1161500768694623,0.157169073431208,0.448,0.9312392247406841,-0.33172847908222564
1923-12-15,1.02,1.270244265678389,0.1537291575371964,-0.202,0.2813781655778809,-0.3316243341934925
1924-01-15,0.46,0.7143156823902006,0.1503017003790994,-0.434,0.04951222578614031,-0.3315192016831791
1924-02-15,0.63,0.8883642623026557,0.1468867143011531,-0.597,-0.11335861223726451,-0.3314130834059923
1924-03-15,0.39,0.6523899411280911,0.14348421139087222,-0.428,0.05576563398370277,-0.3313059812336101
1924-04-15,-0.02,0.24639265499554763,0.14009420347916726,-0.267,0.2168849470046317,-0.33119789705462455
1924-05-15,-0.85,-0.5796276595471086,0.13671670214046863,-0.415,0.06899930946145691,-0.33108883277448414
1924-06-15,-0.67,-0.39567106553107045,0.1333517186928579,-0.447,0.0371087040712505,-0.3309787903154358
1924-07-15,-0.98,-0.7017376255644808,0.12999926419820607,-0.395,0.08921311363301519,-0.33086777161646636
1924-08-15,-0.78,-0.4978274018303247,0.1266593494623191,-0.418,0.06631252102847811,-0.33075577863324346
1924-09-15,-0.86,-0.5739404560843271,0.12333198503509045,-0.652,-0.16759309077711432,-0.33064281333805645
1924-10-15,-0.46,-0.17007684965285402,0.12001718121066038,-0.209,0.27549626126579907,-0.33052887771975714
1924-11-15,-1.09,-0.7962366434308208,0.11671494802758255,-0.409,0.07558056029188782,-0.3304139737836999
1924-12-15,-0.66,-0.3624198978795974,0.1134252952689977,-0.365,0.11965978952172898,-0.33029810355168204
1925-01-15,-1.03,-0.7286266730249287,0.11014823246281433,-0.317,0.1677339322626026,-0.3301812690618835
1925-02-15,-0.47,-0.16485702845484673,0.10688376888189617,-0.028,0.4568029719092898,-0.33006347236880584
1925-03-15,-0.53,-0.22111102331759774,0.10363191354425665,-0.008,0.47686689194487025,-0.32994471554321114
1925-04-15,-0.52,-0.2073887163195643,0.1003926752132603,0.482,0.9669256759415226,-0.32982500067206005
1925-05-15,-0.4,-0.0836901657231991,0.0971660623978312,-0.043,0.44197930756132275,-0.32970432985844994
1925-06-15,-0.18,0.13998457065503944,0.09395208335266815,0.081,0.5660277705570476,-0.3295827052215528
1925-07-15,0.5,0.823635435446747,0.09075074607846688,-0.167,0.31807104877297177,-0.3294601288965532
1925-08-15,0.68,1.007262371733628,0.08756205832214903,-0.04,0.4451091261456722,-0.3293366030345858
1925-09-15,0.77,1.1008653230495502,0.08438602757709793,0.389,0.8741419867048275,-0.3292121298026728
1925-10-15,0.85,1.1844442333825922,0.0812226610834013,0.103,0.5881696145740194,-0.3290867113836608
1925-11-15,1.0,1.337999047177088,0.07807196582810061,0.118,0.6031919939715373,-0.32896034997615703
1925-12-15,1.6,1.9415297093356596,0.0749339485454471,-0.152,0.33320910921117863,-0.32883304779446565
1926-01-15,1.52,1.86503616522125,0.0718086157171647,-0.004,0.481220944703054,-0.32870480706852345
1926-02-15,1.29,1.6385183606591505,0.06869597357271953,-0.359,0.12622748495438957,-0.3285756300438356
1926-03-15,1.19,1.5419762419390175,0.0655960280895963,-0.041,0.4442287145703331,-0.32844551898141067
1926-04-15,1.01,1.365409755816896,0.0625087849935812,-0.247,0.23822461825475633,-0.32831447615769555
1926-05-15,0.83,1.188818849517228,0.05943424975905143,-0.085,0.40021518081106205,-0.3281825038645104
1926-06-15,0.61,0.9722034707348572,0.0563724276092715,0.147,0.6322003871429873,-0.32804960440898345
1926-07-15,0.63,0.99556356763703,0.053323323516696074,-0.231,0.25418022225540937,-0.327915780113485
1926-08-15,0.15,0.5188990888653927,0.05028694220327941,-0.006,0.47915467125515154,-0.32778103331556147
1926-09-15,-0.07,0.3022099835379872,0.047263288140791344,-0.405,0.08012371935178564,-0.3276453663678693
1926-10-15,-0.39,-0.014503798748762453,0.04425236555113984,-0.115,0.3700873518584399,-0.32750878163810837
1926-11-15,-0.27,0.10875769208193237,0.04125417840670013,-0.49,-0.004954445807398178,-0.32737128150895534
1926-12-15,-0.23,0.15199440658920121,0.038268730430650336,-0.422,0.0629983118769269,-0.3272328683779962
1927-01-15,0.1,0.485206295816487,0.03529602509731347,-0.201,0.28394561054004286,-0.32709354465765933
1927-02-15,0.23,0.6183933112935113,0.032336065632505955,0.042,0.5268874359173563,-0.3269533127751479
1927-03-15,-0.18,0.21155540503823522,0.02938885501389254,-0.202,0.28282377385185903,-0.3268121751723717
1927-04-15,-0.27,0.12469252955881494,0.026454395971347657,-0.398,0.08675461029493531,-0.3266701343058792
1927-05-15,-0.59,-0.1921953621444496,0.02353269098732321,-0.256,0.22867993130716768,-0.32652719264678914
1927-06-15,-0.15,0.25089168342283064,0.020623742297222625,-0.168,0.31659972305914297,-0.326383352680722
1927-07-15,-0.31,0.09395362025107076,0.017727551889781264,-0.575,-0.09048602816774054,-0.32623861690773026
1927-08-15,-0.09,0.316990402828647,0.014844121507453175,-0.611,-0.1265773359804664,-0.32609298784222895
1927-09-15,-0.16,0.25000198614382296,0.011973452646804154,-0.664,-0.17967421387359506,-0.32594646801292626
1927-10-15,0.27,0.6829883256866729,0.009115546558911052,-0.602,-0.11777667522845642,-0.32579905996275343
1927-11-15,-0.04,0.3759493774509953,0.00627040424976735,-0.287,0.19711526668765572,-0.3256507662487949
1927-12-15,0.25,0.6688850979362269,0.003438026480694974,-0.378,0.10600159872228909,-0.3255015894422183
1928-01-15,0.47,0.8917954441493439,0.000618413768762278,-0.377,0.10688230783864036,-0.3253515321282038
1928-02-15,0.21,0.6346803736067639,-0.00218843361279179,-0.36,0.12375738111636037,-0.3252005969058737
1928-03-15,-0.24,0.18753984433623805,-0.0049825156341273946,-0.277,0.2066268057523599,-0.3250487863882214
1928-04-15,-0.22,0.21037381487873644,-0.007763832508367393,-0.313,0.17049056906161503,-0.32489610320203943
1928-05-15,-0.04,0.39318224429032783,-0.010532384691154828,-0.268,0.21534865847797235,-0.32474254998784824
1928-06-15,-0.26,0.1759650921440557,-0.013288172880204348,-0.465,0.01820106155495399,-0.32458812939982457
1928-07-15,0.02,0.45872231853180856,-0.016031198014847578,-0.64,-0.15695223403343705,-0.32443284410572965
1928-08-15,-0.28,0.16145388406618116,-0.01876146127557247,-0.891,-0.40811124049191305,-0.3242766967868374
1928-09-15,-0.13,0.3141597498823326,-0.021478964083556703,-0.87,-0.3872759699030983,-0.3241196901378619
1928-10-15,-0.12,0.3268398776398343,-0.02418370810019511,-0.733,-0.25044643422672486,-0.3239618268668846
1928-11-15,-0.17,0.2794942295245156,-0.02687569522662117,-0.206,0.2763773547011688,-0.3238031096952813
1928-12-15,-0.03,0.4221227682503007,-0.029554927603222543,-0.372,0.11019538516904046,-0.32364354135764967
1929-01-15,-0.15,0.30472545706104004,-0.03222140760915074,-0.284,0.19800764559064732,-0.32348312460173645
1929-02-15,-0.08,0.3773022597323359,-0.03487513786182492,-0.362,0.11981412450584578,-0.32332186218836445
1929-03-15,-0.15,0.3098531405733605,-0.03751612121642986,-0.238,0.2436148105813934,-0.32315975689135873
1929-04-15,-0.15,0.3123780644286691,-0.040144360765408116,-0.222,0.2594096926117487,-0.3229968114974731
1929-05-15,-0.17,0.2948769966800051,-0.04275985983794645,-0.361,0.1201987595198711,-0.32283302880631626
1929-06-15,0.13,0.5973499032480997,-0.04536262199945655,-0.246,0.23498200035802083,-0.3226684116302777
1929-07-15,-0.02,0.4497967505944628,-0.04795265105104998,-0.388,0.09275940430855659,-0.32250296279445373
1929-08-15,0.1,0.57221750572317,-0.05052995102900744,-0.487,-0.006469039315265684,-0.32233668513657204
1929-09-15,0.3,0.7746121361826388,-0.053094526204242265,-0.305,0.17529665893150356,-0.3221695815069172
1929-10-15,0.4,0.8769806100674019,-0.055646381081758366,-0.356,0.12405648862630392,-0.3220016547682558
1929-11-15,0.18,0.6593228960198723,-0.05818552040010253,-0.281,0.1988104394798614,-0.3218329077957614
1929-12-15,0.63,1.1116389632321018,-0.06071194913081119,-0.024,0.4555585013369835,-0.321663343476939
1930-01-15,0.35,0.8339287814475306,-0.06322567247785155,-0.423,0.05630066417735277,-0.32149296471154953
1930-02-15,0.39,0.8761923209627327,-0.06572669587705732,-0.513,-0.03396308188367797,-0.32132177441153453
1930-03-15,0.29,0.7784295526291498,-0.06821502499555888,-0.32,0.1587672534057052,-0.32114977550094
1930-04-15,0.41,0.9006404478548232,-0.07069066573120798,-0.245,0.23349166043456904,-0.3209769709158403
1930-05-15,-0.04,0.45282497860611454,-0.07315362421199698,-0.445,0.03321012973002416,-0.3208033636042622
1930-06-15,0.27,0.7649831174094248,-0.07560390679547266,-0.138,0.33992265195801485,-0.32062895652610807
1930-07-15,0.64,1.1371148373528999,-0.07804152006814467,-0.405,0.07262921792410684,-0.3204537526530791
1930-08-15,0.68,1.1792201120881312,-0.08046647084488863,-0.33,0.14732981857427704,-0.320277754968599
1930-09-15,1.28,1.7812989158318513,-0.08287876616834391,-0.802,-0.32497555500430175,-0.3201009664677369
1930-10-15,1.14,1.6433512233676162,-0.08527841330830625,-0.417,0.05971308841752715,-0.31992339015713006
1930-11-15,1.79,2.2953770100474866,-0.08766541976111493,0.112,0.588395740211686,-0.3197450290549068
1930-12-15,1.41,1.917376251793691,-0.09003979324903481,-0.114,0.36207239189364715,-0.31956588619060877
1931-01-15,1.49,1.9993489251002934,-0.09240154171963318,-0.057,0.4187430351232175,-0.31938596460511315
1931-02-15,1.33,1.8412950070348442,-0.09475067334515119,-0.334,0.14140766170531724,-0.31920526735055527
1931-03-15,1.18,1.693214475240032,-0.09708719652187028,-0.548,-0.07293373640923856,-0.3190237974902504
1931-04-15,0.96,1.4751073079353223,-0.09941111986947328,-0.525,-0.050281167122961434,-0.3188415580986156
1931-05-15,0.63,1.146973483918592,-0.10172245223040066,-0.258,0.21636536180908772,-0.3186585522610916
1931-06-15,0.48,0.9988129825677545,-0.1040212026692016,-0.28,0.19400584278007632,-0.31847478307406457
1931-07-15,0.4,0.9206257838423746,-0.10630738047187996,-0.413,0.06064026833217534,-0.3182902536447876
1931-08-15,0.15,0.6724118682852791,-0.10858099514523518,-0.502,-0.028731368842667526,-0.31810496709130165
1931-09-15,-0.42,0.10417121702415966,-0.11084205641619833,-1.01,-0.5371090759019564,-0.31791892654235704
1931-10-15,-0.22,0.3059038117731675,-0.11309057423116338,-0.597,-0.12449285985187553,-0.31773213513733417
1931-11-15,-0.27,0.2576096348344982,-0.11532655875531335,-0.184,0.28811727245347873,-0.31754459602616436
1931-12-15,-0.28,0.24928866909997033,-0.11755002037194164,-0.812,-0.3402786856871328,-0.3173563123692506
1932-01-15,-0.42,0.1109408980525931,-0.11976096968176848,-0.426,0.0453192591786763,-0.317167287337388
1932-02-15,-0.19,0.3425663057681277,-0.12195941750225262,-0.58,-0.10908889934232063,-0.31697752411168434
1932-03-15,0.25,0.7841648769166395,-0.12414537486689801,-0.438,0.03249683251180377,-0.3167870258834806
1932-04-15,0.25,0.7857365967640426,-0.12631885302455603,-0.125,0.345076448658891,-0.31659579585427183
1932-05-15,0.28,0.8172814511736375,-0.12847986343872264,-0.378,0.0916499431734567,-0.3164038372356271
1932-06-15,0.19,0.7287994266076376,-0.1306284177868309,-0.396,0.0732173102874514,-0.31621115324910953
1932-07-15,-0.11,0.4302905101286893,-0.1327645279595389,-0.245,0.22377854439101583,-0.3160177471261964
1932-08-15,0.09,0.6317546894013827,-0.13488820606001303,-0.489,-0.020666359966763775,-0.3158236221081984
1932-09-15,0.02,0.563191952693752,-0.13699946440320654,-0.403,0.0648825919228995,-0.31562878144617956
1932-10-15,0.02,0.5646022888787694,-0.13909831551513377,-0.729,-0.26157460507075597,-0.31543322840087673
1932-11-15,-0.04,0.5059856874358284,-0.14118477213214004,-0.314,0.15296204408271047,-0.3152369662426194
1932-12-15,-0.41,0.13734213845221932,-0.14325884720016666,-0.033,0.43349253457568826,-0.31503999825124873
1933-01-15,-0.21,0.33867163262459676,-0.14532055387401158,-0.189,0.27701686176326284,-0.31484232771603715
1933-02-15,-0.08,0.469974161260437,-0.14736990551658563,-0.092,0.37353502116396053,-0.3146439579356077
1933-03-15,-0.2,0.35124971627948776,-0.14940691569816422,0.039,0.5040470084604898,-0.31444489221785327
1933-04-15,0.01,0.562498290215209,-0.15143159819563481,0.178,0.6425528195004819,-0.31424513387985553
1933-05-15,-0.4,0.1537198762162021,-0.15344396699173998,-0.344,0.12005245029722994,-0.31404468624780374
1933-06-15,-0.86,-0.30508553195236665,-0.15544403627431605,-0.307,0.15654589703042734,-0.31384355265691416
1933-07-15,-0.66,-0.1039179399073541,-0.15743182043552748,-0.469,-0.005966843953099016,-0.31364173645134874
1933-08-15,-0.94,-0.38277735264623747,-0.159407334071097,-0.631,-0.16848577613865523,-0.31343924098413345
1933-09-15,-0.77,-0.21166377454571705,-0.1613705919795315,-1.567,-1.1050109028429502,-0.31323606961707656
1933-10-15,-1.1,-0.5405772093603316,-0.16332160916134356,-0.985,-0.5235422272133665,-0.313032225720687
1933-11-15,-1.06,-0.49951766022107913,-0.16526040081826907,-0.604,-0.14307975222723757,-0.31282771267409304
1933-12-15,-1.21,-0.6484851296340508,-0.16718698235248047,-0.472,-0.011623480691125149,-0.3126225338649607
1934-01-15,-0.93,-0.3674796194790739,-0.16910136936579612,-0.611,-0.15117341524009653,-0.31241669268941175
1934-02-15,-0.87,-0.3065011310083694,-0.17100357765888538,-0.251,0.20827044166299508,-0.3122101925519417
1934-03-15,-0.95,-0.3855496648452146,-0.1728936232304698,-0.166,0.2927080877282252,-0.3120030368653381
1934-04-15,-0.42,0.14537477901738505,-0.17477152227652037,-0.134,0.3241395208393141,-0.3117952290505985
1934-05-15,-0.49,0.07627220121801104,-0.17663729118945057,-0.2,0.2575647390543381,-0.31158677253684863
1934-06-15,-0.33,0.23714260302814405,-0.17849094655730552,-0.016,0.4409837406064398,-0.31137767076125994
1934-07-15,-0.43,0.13798598635346176,-0.18033250516294733,-0.325,0.13139652390453482,-0.3111679271689665
1934-08-15,-0.33,0.23880235373512776,-0.1821619839832368,-0.012,0.44380308753401815,-0.31095754521298324
1934-09-15,-0.52,0.04959170835106941,-0.1839794001882108,-0.497,-0.0417965697425354,-0.31074652835412325
1934-10-15,-0.26,0.3103540540172473,-0.18578477114025602,-0.322,0.13259755101533216,-0.31053488006091573
1934-11-15,-0.11,0.4610893951889121,-0.18757811439327926,-0.155,0.29898544892665585,-0.3103226038095235
1934-12-15,-0.24,0.3317977369618539,-0.18935944769187346,-0.159,0.2943671232897447,-0.3101097030836604
1935-01-15,-0.32,0.2524790850736395,-0.19112878897048008,0.007,0.4597425735828741,-0.30989618137450897
1935-02-15,-0.19,0.3831334459048402,-0.19288615635254794,-0.055,0.3971117994649751,-0.30968204218063755
1935-03-15,-0.28,0.2937608264802486,-0.19463156814968832,0.119,0.5704748007763218,-0.30946728900791814
1935-04-15,-0.32,0.2543612344700855,-0.19636504286082648,-0.216,0.23483157753921455,-0.3092519253694432
1935-05-15,-0.54,0.03493467819119611,-0.19808659917134955,0.063,0.5131821299586627,-0.3090359547854429
1935-06-15,-0.4,0.17548116660823615,-0.19979625595225073,0.091,0.5405264584230605,-0.3088193807832027
1935-07-15,-0.65,-0.07399929066515376,-0.20149403225927015,0.052,0.500864563504865,-0.3086022068969803
1935-08-15,0.06,0.6364933166348178,-0.20317994733203265,-0.024,0.42419644596126926,-0.3083844366679226
1935-09-15,0.08,0.6569589994232435,-0.20485402059318175,-0.247,0.20052210673487225,-0.30816607364398296
1935-10-15,0.28,0.8573977692676644,-0.20651627164750994,-0.304,0.14284154695434637,-0.3079471213798383
1935-11-15,0.28,0.8578096383892011,-0.20816672028108604,0.119,0.5651547679351006,-0.30772758343680606
1935-12-15,-0.04,0.5381946196636778,-0.20980538646037927,0.022,0.4674617711799407,-0.30750746338276125
1936-01-15,0.74,1.318552726622734,-0.21143229033138025,0.086,0.5307625583797289,-0.30728676479205325
1936-02-15,0.49,1.068883973454921,-0.2130474522187185,-0.389,0.055057131414036176,-0.30706549124542304
1936-03-15,0.0,0.5791883750067947,-0.2146508926247764,-0.211,0.2323454923517968,-0.3068436463299199
1936-04-15,0.29,0.8694659467839922,-0.2162426322287998,-0.069,0.3736276434519533,-0.30662123363881827
1936-05-15,-0.07,0.5097167049522969,-0.2178226918860058,-0.192,0.2499035871641042,-0.30639825677153487
1936-06-15,-0.35,0.22994066633869703,-0.2193910926266875,0.064,0.5051733261291466,-0.30617471933354534
1936-07-15,-0.34,0.24013784843242741,-0.2209478556553148,-0.073,0.36743686317991353,-0.3059506249363007
1936-08-15,-0.32,0.2603082693860018,-0.22249300234963323,-0.438,0.0016942013418122792,-0.30572597719714445
1936-09-15,-0.1,0.48045194801623514,-0.2240265542597591,-0.446,-0.007054656166543799,-0.30550077973922946
1936-10-15,0.38,0.960568903805254,-0.22554853310727163,-0.691,-0.25280970593270724,-0.30527503619143465
1936-11-15,-0.03,0.5506591569014937,-0.22705896078430204,-0.063,0.3744290556502305,-0.30504875018828215
1936-12-15,0.63,1.2107227281206894,-0.2285578593526197,-0.318,0.11866163238425906,-0.3048219253698539
1937-01-15,-0.3,0.28075963894684625,-0.23004525104271548,-0.113,0.32288802826707075,-0.3045945653817084
1937-02-15,0.3,0.8807699115332082,-0.23152115825288186,-0.231,0.20410824749267295,-0.30436667387479754
1937-03-15,0.25,0.8307535687032038,-0.2329856035482906,-0.256,0.17832229445200146,-0.3041382545053834
1937-04-15,0.21,0.7907106339513907,-0.23443860966006713,-0.402,0.03153017373352812,-0.30390931093495505
1937-05-15,-0.43,0.1506411314443814,-0.2358801994843625,0.042,0.4747318901238666,-0.3036798468301447
1937-06-15,-0.3,0.280545086021762,-0.23731039608142246,-0.297,0.13492744860837178,-0.3034498658626446
1937-07-15,0.09,0.6704225231969939,-0.23872922267465377,-0.546,-0.11488314562826074,-0.3032193717091241
1937-08-15,-0.2,0.3802734691583078,-0.24013670264968792,-0.252,0.1783001127985986,-0.30298836805114615
1937-09-15,0.17,0.7500979507695843,-0.24153285955344184,-0.091,0.33847722947410175,-0.3027568585750839
1937-10-15,-0.1,0.479895995571219,-0.24291771709317608,-0.304,0.12464821018451189,-0.30252484697203763
1937-11-15,0.21,0.789667631780981,-0.24429129913555062,-0.115,0.31281306091778555,-0.3022923369377515
1937-12-15,0.22,0.7994128882948535,-0.24565362970567806,-0.138,0.28897178786414957,-0.30205933217253006
1938-01-15,-0.21,0.36913179468786567,-0.24700473298617484,-0.084,0.3421243974166773,-0.30182583638115534
1938-02-15,0.23,0.8088243812149117,-0.2483446333162092,-0.217,0.20827089617185884,-0.30159185327280336
1938-03-15,-0.06,0.5184906788115533,-0.24967335519054715,0.009,0.4334112909301685,-0.30135738656096106
1938-04-15,0.09,0.6681307190948151,-0.25099092325859595,-0.345,0.07854558869662653,-0.301122439963343
1938-05-15,-0.33,0.2477445343639617,-0.25229736232344513,0.016,0.43867379668135964,-0.3008870172018079
1938-06-15,-0.88,-0.3026678423987337,-0.25359269734090495,-0.408,0.013795922300152363,-0.30065112200227545
1938-07-15,-0.98,-0.40310637752723455,-0.25487695341854255,-0.621,-0.20008802682499893,-0.3004147580946429
1938-08-15,-0.81,-0.23357103667100376,-0.25615015581471595,-0.15,0.27002195713465926,-0.30017792921270153
1938-09-15,-0.28,0.29593821520572816,-0.2574123299376057,-0.458,-0.03887411778482158,-0.2999406390940533
1938-10-15,-0.75,-0.1745785861753213,-0.2586635013442447,-0.611,-0.19277624333955112,-0.29970289148002816
1938-11-15,-0.72,-0.14512140440577914,-0.259903695739546,-0.712,-0.2946844110772683,-0.29946469011560156
1938-12-15,-0.79,-0.21569020238993108,-0.26113293897532813,-0.541,-0.12459861233681047,-0.2992260387493116
1939-01-15,-0.67,-0.09628494234404184,-0.26235125704933787,-0.125,0.29048116175241023,-0.29898694113317614
1939-02-15,-0.95,-0.37690558579569444,-0.26355867610427125,0.209,0.6235549202709285,-0.2987474010226096
1939-03-15,-0.85,-0.2775520935831426,-0.26475522242679245,0.021,0.43462267250974296,-0.29850742217633974
1939-04-15,-0.27,0.30177557414532313,-0.2659409224465506,-0.266,0.1466844279708288,-0.298267008356325
1939-05-15,-0.25,0.3210774579320007,-0.26711580273519464,-0.337,0.07474019636764626,-0.29802616332767135
1939-06-15,0.05,0.6203535990103877,-0.268279890005387,-0.178,0.23278998762564393,-0.2977848908585493
1939-07-15,0.25,0.8196040393057776,-0.2694332111098149,-0.405,0.004833811882756833,-0.29754319472011137
1939-08-15,0.06,0.628828821435844,-0.2705757930401994,-0.46,-0.05112832051009719,-0.2973010786864089
1939-09-15,0.43,0.9980279887112091,-0.2717076629263026,-0.285,0.12290360101147073,-0.29705854653430985
1939-10-15,-0.47,0.09720158513599697,-0.2728288480349332,-0.19,0.2169295872258069,-0.2968156020434161
1939-11-15,0.32,0.8863496554083782,-0.27393937576895033,-0.319,0.08694964912569633,-0.2965722489959815
1939-12-15,0.05,0.6154722449210915,-0.2750392736662657,-0.106,0.29896379791883854,-0.29632849117682925
1940-01-15,1.18,1.7445693997619638,-0.27612856939884317,0.08,0.4839720450283174,-0.2960843323732693
1940-02-15,1.38,1.9436411667144047,-0.2772072907716972,-0.224,0.17897440209306834,-0.295839776375016
1940-03-15,1.19,1.752687593257894,-0.27827546572188944,-0.477,-0.07502911903165921,-0.2955948269741058
1940-04-15,0.8,1.361708727568451,-0.27933312231752433,-0.492,-0.0910385062738453,-0.2953494879648147
1940-05-15,0.34,0.9007046185190887,-0.2803802887567432,-0.459,-0.05905374734424812,-0.2951037631435761
1940-06-15,0.55,1.1096753156802563,-0.2814169933667161,-0.028,0.37092517026404276,-0.29485765630889815
1940-07-15,0.21,0.7686208693202637,-0.2824432646026321,-0.364,0.03389825927604767,-0.2946111712612817
1940-08-15,0.75,1.3075413304056984,-0.2834591310466882,-0.253,0.14386553263533505,-0.29436431180313827
1940-09-15,0.05,0.6064367506018207,-0.28446462140707734,-0.39,0.0058270035044507285,-0.2941170817387078
1940-10-15,0.32,0.8753071822729537,-0.28545976451697475,-0.472,-0.07721731473465371,-0.2938694848739774
1940-11-15,0.7,1.2541526784828498,-0.2864445893335226,-0.341,0.05273259151979895,-0.2936215250165993
1940-12-15,1.39,1.942973292995048,-0.287419124936814,-0.315,0.07767673608982828,-0.2933732059758091
1941-01-15,1.38,1.931769080273214,-0.28838340052887496,-0.362,0.029615133018107725,-0.2931245315623441
1941-02-15,1.34,1.8905400954814686,-0.28933744543264583,-0.619,-0.22845220343162853,-0.29287550558836184
1941-03-15,1.41,1.9592863944846997,-0.29028128909096035,-0.261,0.12847474122581573,-0.29262613186735914
1941-04-15,1.36,1.9080080338488605,-0.291214961065524,-0.277,0.11139598169749255,-0.2923764142140902
1941-05-15,1.32,1.866705070841244,-0.29213849103589146,-0.269,0.11831153291270227,-0.2921263564444853
1941-06-15,0.88,1.4253775634307522,-0.293051908798442,-0.376,0.010221410023377064,-0.2918759623755693
1941-07-15,0.73,1.274025570288146,-0.29395524426535513,-0.429,-0.04387437159553956,-0.29162523582538036
1941-08-15,0.79,1.3326491507862843,-0.2948485274635841,-0.419,-0.03497579634571896,-0.29137418061288894
1941-09-15,0.68,1.2212483650003438,-0.29573178853382864,-0.333,0.04991715159492062,-0.2911228005579164
1941-10-15,0.99,1.529823273708024,-0.29660505772950685,-0.189,0.19280448827257723,-0.29087109948105383
1941-11-15,1.17,1.7083739383897334,-0.2974683654157257,0.274,0.6546862299579221,-0.2906190812035813
1941-12-15,1.27,1.8069004212287658,-0.29832174206825096,-0.182,0.1975623931464509,-0.2903667495473874
1942-01-15,0.61,1.1454027851114579,-0.2991652182724759,-0.194,0.18443299455883172,-0.2901141083348882
1942-02-15,0.53,1.0638810936273364,-0.2999988247223888,-0.298,0.07929805114124282,-0.2898611613889471
1942-03-15,0.25,0.7823354110692428,-0.3008225922195401,-0.25,0.12615758006570837,-0.28960791253279405
1942-04-15,0.57,1.1007658024334452,-0.30163655167200804,-0.41,-0.034988401269572394,-0.28935436558994504
1942-05-15,-0.1,0.4291723334197294,-0.30244073409336353,-0.599,-0.22513987523990203,-0.2891005243841211
1942-06-15,-0.52,0.007555070431479294,-0.30323517060163446,-0.944,-0.5712968239937679,-0.2888463927391678
1942-07-15,-0.55,-0.024085919424261748,-0.30401989241826954,-0.697,-0.3254592294525309,-0.2885919744789745
1942-08-15,-0.96,-0.4357505683367442,-0.3047949308671015,-1.1,-0.7296270733101222,-0.288337273427394
1942-09-15,-1.17,-0.647438807791479,-0.30556031737331013,-0.946,-0.5768003370327388,-0.2880822934081625
1942-10-15,-1.32,-0.7991505685702225,-0.30631608346238404,-0.588,-0.2199790018585538,-0.2878270382448202
1942-11-15,-1.5,-0.9808857807509805,-0.3070622607590823,-0.598,-0.23116304879742577,-0.28757151176063167
1942-12-15,-1.24,-0.7226443737080226,-0.30779888098639463,-0.559,-0.1933524586306179,-0.2873157177785058
1943-01-15,-1.2,-0.6844262761119184,-0.3085259759645016,-0.49,-0.12554721191052137,-0.2870596601209164
1943-02-15,-1.18,-0.6662314159295912,-0.3092435776097343,-0.248,0.11525271103961383,-0.2868033426098223
1943-03-15,-1.1,-0.5880597204243876,-0.3099517179335334,-0.305,0.05704733012594292,-0.2865467690665879
1943-04-15,-0.6,-0.08991111615615877,-0.3106504290414077,-0.225,0.1358366654842838,-0.2862899433119037
1943-05-15,-0.36,0.14821447101863283,-0.31133974313189294,-0.188,0.171620737480368,-0.28603286916570814
1943-06-15,-0.11,0.3963171159467985,-0.3120196924955093,0.151,0.5093995667100855,-0.2857755504471083
1943-07-15,-0.09,0.41439689417828696,-0.31269030951371923,0.095,0.4521731739997222,-0.2855179909743014
1943-08-15,0.05,0.5524538819660322,-0.31335162665788435,0.035,0.39094158040619387,-0.2852601945644961
1943-09-15,-0.24,0.26048815626578525,-0.3140036764882224,-0.648,-0.2932951927827302,-0.2850021650338334
1943-10-15,-0.44,0.05849979473593048,-0.31464649165276376,-0.536,-0.1825371240482069,-0.28474390619730827
1943-11-15,-0.5,-0.0035111242627157147,-0.31528010488630753,-0.388,-0.035784191640109014,-0.28448542186869036
1943-12-15,-0.42,0.0744554783328768,-0.3159045490093777,-0.386,-0.03503637357681798,-0.28422671586044645
1944-01-15,-0.42,0.07239968228771398,-0.3165198569271789,-0.154,0.19570635235497597,-0.2839677919836626
1944-02-15,0.16,0.6503215680685248,-0.3171260616285521,0.247,0.5954440086004663,-0.28370865404796647
1944-03-15,-0.21,0.27822121684348844,-0.31772319618493045,-0.177,0.1701766178369172,-0.2834493058614491
1944-04-15,0.11,0.5960987104819484,-0.31831129374929457,-0.241,0.10490420297384477,-0.2831897512305875
1944-05-15,0.14,0.623954131554104,-0.31889038755512855,0.283,0.6276267871531893,-0.2829299939601669
1944-06-15,0.04,0.5217875633306867,-0.31946051091537536,-0.114,0.2293443937494808,-0.28267003785320355
1944-07-15,0.08,0.5595990897826193,-0.3200216972213921,0.053,0.3950570463700013,-0.28240988671086725
1944-08-15,0.0,0.4773887955806545,-0.32057397994190584,0.051,0.39176476885493483,-0.2821495443324038
1944-09-15,-0.31,0.16515676609499774,-0.3211173926219692,0.001,0.34046758527751464,-0.2818890145150579
1944-10-15,-0.22,0.25290308739491363,-0.32165196888191583,-0.6,-0.2618344800558384,-0.2816283010539962
1944-11-15,-0.35,0.12062784624831036,-0.3221777424163166,-0.249,0.08785859739461775,-0.28136740774223024
1944-12-15,-0.26,0.20833113012131332,-0.3226947469929357,0.179,0.5145468424020683,-0.28110633837053894
1945-01-15,-0.36,0.10601302717781158,-0.3232030164516869,-0.14,0.19423027997326098,-0.2808450967273923
1945-02-15,-0.47,-0.006326373721010192,-0.32370258470359,0.09,0.42290893534861895,-0.28058368659887467
1945-03-15,-0.79,-0.32868698301715593,-0.3241934857297277,0.205,0.5365828340023413,-0.2803221117686093
1945-04-15,-0.76,-0.30106871045632233,-0.3246757535802031,-0.33,0.0002520016425029692,-0.2800603760176815
1945-05-15,-0.46,-0.003471465088423553,-0.3251494223730967,-0.572,-0.24308353578885628,-0.27979848312456335
1945-06-15,-0.59,-0.13589515526812868,-0.32561452629342424,-0.563,-0.2354237521156498,-0.2795364368650372
1945-07-15,-0.61,-0.15833968865541936,-0.32607109959209474,-0.524,-0.19776862092766923,-0.2792742410121207
1945-08-15,-0.84,-0.39080497221616906,-0.32651917658486906,-0.656,-0.3311181155805148,-0.27901189933599074
1945-09-15,-0.82,-0.37329091222273947,-0.3269587916513187,-0.594,-0.27047220919553455,-0.2787494156039077
1945-10-15,-0.86,-0.4157974142545977,-0.32738997923378493,-0.513,-0.19083087465977155,-0.2784867935801404
1945-11-15,-0.42,0.0216756168010519,-0.327812773836339,-0.324,-0.0031940846259154443,-0.278224037025891
1945-12-15,-0.54,-0.10087172325138738,-0.32822721002374283,-0.328,-0.008561811512264164,-0.27796114969922
1946-01-15,-0.44,-0.00343933791657125,-0.3286333224204102,0.068,0.38606597249730923,-0.27769813535497145
1946-02-15,-0.24,0.19397286999108954,-0.32903114570936826,-0.014,0.3026892954533784,-0.2774349977446982
1946-03-15,-0.36,0.07136499834672194,-0.3294207146312194,-0.226,0.08930818564098333,-0.2771717406165871
1946-04-15,-0.48,-0.05126285428573818,-0.3298020639831043,-0.557,-0.24307732842036212,-0.27690836771538485
1946-05-15,-0.39,0.03608941134570509,-0.33017522861766485,0.297,0.6095327820233318,-0.27664488278232374
1946-06-15,0.15,0.5734218951803414,-0.33054024344200855,-0.33,-0.018861454039477865,-0.2763812895550479
1946-07-15,0.03,0.45073469784396714,-0.3308971434166731,-0.159,0.15073999261412482,-0.2761175917675392
1946-08-15,-0.52,-0.10197207935191788,-0.33124596355459196,0.165,0.47333715144148814,-0.2758537931500436
1946-09-15,-0.19,0.2253016655890644,-0.3315867389200607,-0.072,0.23493005213436502,-0.275589897428998
1946-10-15,-0.01,0.4025560353473243,-0.3319195046277039,-0.178,0.12751872461887792,-0.27532590832695675
1946-11-15,-0.18,0.22979113328644307,-0.33224429584144355,-0.026,0.2781031990554728,-0.2750618295625191
1946-12-15,0.03,0.4370070634522896,-0.3325611477734675,-0.25,0.05268350583886708,-0.2747976648502559
1947-01-15,0.39,0.7942039305721155,-0.33287009568319953,-0.288,0.01325967559798974,-0.27453341790063673
1947-02-15,-0.13,0.27138184005363175,-0.3331711748762699,0.029,0.32883173919591213,-0.274269092419957
1947-03-15,0.28,0.6785408979840674,-0.3334644207034877,0.0,0.2983997277297714,-0.27400469211026535
1947-04-15,-0.07,0.32568121112920245,-0.33374986855981353,-0.186,0.11096367253068706,-0.27374022066929155
1947-05-15,-0.55,-0.1571971130676102,-0.33402755388333377,0.104,0.39952360516366814,-0.2734756817903743
1947-06-15,0.07,0.45990603351355014,-0.33429751215423537,-0.066,0.22807955742751185,-0.273211079162389
1947-07-15,-0.39,-0.003009240331854235,-0.33455977889378175,-0.633,-0.34036843864530386,-0.2729464164696765
1947-08-15,-0.37,0.01405717486613911,-0.3348143896632898,-0.659,-0.3678203507887379,-0.2726816973919711
1947-09-15,-1.05,-0.6688946107490754,-0.3350613800631079,-0.97,-0.6802761465033123,-0.27241692560432956
1947-10-15,-0.82,-0.4418644863617549,-0.33530078573159505,-0.824,-0.5357357930562441,-0.27215210477705964
1947-11-15,-0.73,-0.354852340484916,-0.33553264234410113,-0.319,-0.03219925748158563,-0.27188723857564945
1947-12-15,0.18,0.5521419390385456,-0.3357569856119486,-0.265,0.02033349341962589,-0.2716223306606967
1948-01-15,0.05,0.41911846503470435,-0.3359738512814154,-0.298,-0.014137506920787524,-0.271357384687838
1948-02-15,0.37,0.7360773509974422,-0.3361832751327191,-0.155,0.12738777516168848,-0.27109240430767845
1948-03-15,0.63,0.9930187110872585,-0.33638529297900316,0.024,0.30490937356408593,-0.2708273931657214
1948-04-15,0.25,0.6099426601300623,-0.3365799406653233,-0.103,0.17642732241577125,-0.2705623549022984
1948-05-15,0.31,0.6668493136159448,-0.33676725406763625,-0.085,0.19294165607825453,-0.27029729315249945
1948-06-15,0.06,0.4137387876979266,-0.33694726909178935,0.059,0.33545240914498864,-0.27003221154610296
1948-07-15,-0.06,0.290611199190687,-0.33712002167251204,-0.268,0.006959616441160388,-0.26976711370750583
1948-08-15,-0.02,0.3274666655692713,-0.3372855477724081,-0.462,-0.18853668697652537,-0.2695020032556538
1948-09-15,-0.02,0.32430530496777743,-0.3374438833809494,-0.648,-0.3760364658200732,-0.2692368838039722
1948-10-15,-0.68,-0.3388727638219776,-0.3375950645134715,-0.292,-0.021539684570430498,-0.2689717589602967
1948-11-15,-0.3,0.037932578648189,-0.337739127210171,-0.379,-0.11004630747773256,-0.26870663232680464
1948-12-15,0.38,0.7147214524814438,-0.33787610753510416,-0.506,-0.23855629856155258,-0.26844150749994633
1949-01-15,-0.46,-0.12850602156545843,-0.3380060415751868,0.027,0.29293037838883673,-0.2681763880703766
1949-02-15,0.26,0.5882502779164087,-0.3381289654391963,0.177,0.44141375981419234,-0.26791127762288686
1949-03-15,-0.55,-0.2250095270133039,-0.3382449152567745,-0.121,0.1418938823850244,-0.2676461797363372
1949-04-15,0.19,0.5117146863543227,-0.3383539271774329,0.165,0.4263707830013087,-0.267381097983588
1949-05-15,-0.07,0.24842304137598514,-0.3384560373695582,-0.091,0.16884449879218866,-0.26711603593143246
1949-06-15,-0.72,-0.40488433794534584,-0.3385512820194214,-0.009,0.24931506711567222,-0.26685099714052896
1949-07-15,-0.39,-0.07820732696195443,-0.33863969733018773,-0.009,0.24778252555831617,-0.26658598516533377
1949-08-15,-0.32,-0.011545800382932292,-0.33872131952092865,0.011,0.2662469119349036,-0.2663210035540337
1949-09-15,-0.65,-0.3448996322757498,-0.3387961848256356,-0.09,0.1637082642881118,-0.26605605584847924
1949-10-15,-0.72,-0.4182686960678501,-0.33886432949223516,-0.124,0.12816662088817152,-0.2657911455841178
1949-11-15,-1.33,-1.0316528645482672,-0.338925789781607,-0.396,-0.14537797976748337,-0.26552627628992737
1949-12-15,-1.2,-0.9050520098692594,-0.3389806019666027,-0.331,-0.08192549895457404,-0.2652614514883501
1950-01-15,-1.05,-0.7584660035479729,-0.3390288023310669,-0.044,0.2035241022776541,-0.2649966746952263
1950-02-15,-1.5,-1.2118947164681197,-0.33907042716886016,-0.554,-0.30802913689394684,-0.2647319494197286
1950-03-15,-1.07,-0.7853380188816763,-0.3391055127828832,-0.692,-0.4475851770668121,-0.26446727916429613
1950-04-15,-0.91,-0.6287957804106106,-0.3391340954841044,-0.475,-0.23214397861306357,-0.2642026674245688
1950-05-15,-1.3,-1.0222678700486296,-0.33915621159058834,-0.309,-0.06770550167991454,-0.2639381176893221
1950-06-15,-0.86,-0.5857541561629509,-0.339171897426527,-0.494,-0.2542697061900847,-0.26367363344040184
1950-07-15,-1.08,-0.8092545064960988,-0.33918118932127217,-0.348,-0.1098365518422238,-0.2634092181526592
1950-08-15,-0.63,-0.3627687881677175,-0.33918412360837064,-0.22,0.016594001888653384,-0.26314487529388647
1950-09-15,-1.1,-0.8362968676764133,-0.33918073662460096,-0.631,-0.3959780042492749,-0.26288060832475235
1950-10-15,-0.83,-0.5698386109016116,-0.33917106470901304,-0.59,-0.35655252928508885,-0.26261642069873764
1950-11-15,-1.38,-1.123393883105448,-0.33915514420196946,-0.227,0.0048704679744085225,-0.2623523158620712
1950-12-15,-1.04,-0.7869625489346712,-0.339133011444189,-0.027,0.20329102894422044,-0.26208829725366634
1951-01-15,-1.13,-0.8805444724225828,-0.339104702775792,0.256,0.4847091952606753,-0.26182436830505734
1951-02-15,-0.74,-0.49413951699098535,-0.33907025453534856,0.211,0.4381250087809354,-0.2615605324403365
1951-03-15,-0.77,-0.5277475454521625,-0.33902970305892804,0.259,0.48453851158249617,-0.2612967930760912
1951-04-15,-0.17,0.06863157998912206,-0.3389830846791511,-0.513,-0.28905025403732554,-0.2610331536213409
1951-05-15,-0.1,0.1349979977335975,-0.33893043572424475,-0.138,0.08435875443809021,-0.26076961747747396
1951-06-15,-0.09,0.14135184678544005,-0.33887179251709887,-0.19,0.030765579744132684,-0.26050618803818526
1951-07-15,0.66,0.8876932667502007,-0.33880719137432597,-0.22,-0.0008297351655750657,-0.26024286868941376
1951-08-15,0.9,1.12402239783271,-0.33873666860532237,0.124,0.341572852880273,-0.25997966280928075
1951-09-15,0.67,0.8903393808349621,-0.33866026051133225,-0.005,0.21097338727010623,-0.25971657376802826
1951-10-15,0.79,1.0066443571539736,-0.3385780033845141,-0.168,0.0463719116089094,-0.25945360492795705
1951-11-15,0.78,0.9929374687796179,-0.3384899335070096,0.123,0.33576846971764285,-0.259190759643365
1951-12-15,0.71,0.9192188582924357,-0.3383960871500148,-0.073,0.13816310563265216,-0.2589280412604861
1952-01-15,0.39,0.5954886688614233,-0.3382965005728537,-0.069,0.14055586360507047,-0.2586654531174292
1952-02-15,0.24,0.44174704424179745,-0.338191210022055,0.08,0.28794678810020813,-0.25840299854411825
1952-03-15,0.04,0.237994128772736,-0.33808025173043094,0.126,0.3323359237969336,-0.2581406808622311
1952-04-15,0.41,0.6042300673750934,-0.33796366191615906,0.073,0.2777233155870449,-0.25787850338513923
1952-05-15,-0.38,-0.18954499445090833,-0.3378414767818655,-0.148,0.05510900857463012,-0.25761646941784716
1952-06-15,-0.66,-0.47333091062800947,-0.33771373251371134,0.02,0.22149304807541934,-0.25735458225693264
1952-07-15,-0.59,-0.40712753450427086,-0.3375804652804817,-0.43,-0.23012452038387632,-0.2570928451904872
1952-08-15,-0.42,-0.24093471885545448,-0.3374417112326767,-0.463,-0.2647436510662324,-0.25683126149805696
1952-09-15,-0.35,-0.1747523158874278,-0.3372975065016062,-0.607,-0.41036429802499325,-0.25656983445058335
1952-10-15,-0.04,0.13141982276140585,-0.3371478871984869,-0.546,-0.3509864151045617,-0.25630856731034407
1952-11-15,-0.32,-0.15241815398234704,-0.33699288941354116,-0.171,0.02239004405890053,-0.25604746333089473
1952-12-15,-0.55,-0.38626609662954725,-0.33683254921509964,-0.03,0.1617651260367585,-0.25578652575701055
1953-01-15,0.36,0.519876144868974,-0.3366669026487055,0.304,0.4941388776071847,-0.2555257578246283
1953-02-15,0.24,0.3960087211198863,-0.3364959857362223,0.285,0.4735113457544262,-0.255265162760788
1953-03-15,0.22,0.372131783284813,-0.33631983447494423,0.188,0.3748825776680621,-0.25500474378357496
1953-04-15,0.77,0.918245483077754,-0.33613848483670944,-0.054,0.13125262074225175,-0.25474450410206195
1953-05-15,0.35,0.4943499727624834,-0.3359519727670166,0.316,0.49962152257497183,-0.25448444691625155
1953-06-15,0.41,0.5504454051499267,-0.33576033418414425,-0.113,0.06898933096724069,-0.25422457541701926
1953-07-15,0.2,0.33653193359550776,-0.33556360497827276,-0.178,0.002356093922336537,-0.2539648927860564
1953-08-15,0.04,0.1726097119964753,-0.33536182101060946,-0.231,-0.05227814035500128,-0.25370540219581333
1953-09-15,0.67,0.7986788947892027,-0.3351550181125169,-0.24,-0.06291332345937709,-0.2534461068094433
1953-10-15,0.11,0.23473963694646016,-0.33494323208464377,-0.312,-0.1365494067855557,-0.25318700978074604
1953-11-15,0.31,0.4307920939746685,-0.3347264986960584,-0.136,0.03781365847071056,-0.25292811425411227
1953-12-15,0.15,0.26683642191111917,-0.3345048536833854,-0.119,0.05317592131184322,-0.252669423364468
1954-01-15,0.39,0.5028727773211756,-0.33427833274994523,-0.339,-0.16846256906241056,-0.25241094023721933
1954-02-15,0.21,0.3189013172954444,-0.33404697156489666,-0.271,-0.10210176325583746,-0.2521526679881968
1954-03-15,0.01,0.11492219944692528,-0.3338108057623824,-0.162,0.005258388323370271,-0.2518946097236007
1954-04-15,-0.32,-0.21906441809186694,-0.33356987094067864,-0.009,0.15661793546173447,-0.25163676853994676
1954-05-15,-0.53,-0.4330583766718039,-0.33332420266134655,-0.55,-0.38602307186040197,-0.2513791475240119
1954-06-15,-0.8,-0.7070595171300718,-0.3330738364483877,-0.504,-0.3416645834697761,-0.2511217497527803
1954-07-15,-1.02,-0.9310676797931248,-0.3328188077874018,-0.855,-0.6943065490011218,-0.2508645782933893
1954-08-15,-1.08,-0.9950827044796655,-0.33255915212474835,-0.631,-0.47194891789809174,-0.250607636203076
1954-09-15,-1.03,-0.9491044305036485,-0.33229490486671076,-0.718,-0.5605916394141955,-0.2503509265291241
1954-10-15,-0.91,-0.8331326966773092,-0.33202610137866434,-0.836,-0.680234662613747,-0.25009445230881094
1954-11-15,-1.17,-1.097167341314218,-0.3317527769842469,-0.45,-0.29587793637282217,-0.249838216569355
1954-12-15,-0.79,-0.7212082022323663,-0.3314749669645331,-0.053,0.09947859061977157,-0.24958222232786323
1955-01-15,-0.66,-0.5952551167572754,-0.3311927065572118,-0.049,0.1018349698615156,-0.24932647259127855
1955-02-15,-0.79,-0.7293079217251295,-0.3309060309557664,-0.153,-0.0038087469648094494,-0.24907097035632805
1955-03-15,-0.8,-0.7433664534859323,-0.3306149753086588,0.019,0.16654749200787322,-0.24881571860947105
1955-04-15,-0.95,-0.8974305479066926,-0.33031957471851653,-0.044,0.10190373882992222,-0.24856072032684753
1955-05-15,-1.23,-1.181500040374636,-0.33001986424132324,-0.695,-0.5507399542660463,-0.2483059784742268
1955-06-15,-1.2,-1.1555747658004405,-0.32971587888561255,-0.387,-0.24438353486619405,-0.2480514960069563
1955-07-15,-1.32,-1.2796545586215013,-0.3294076536116649,-0.439,-0.29802695037651145,-0.247797275869911
1955-08-15,-0.91,-0.8737392528052199,-0.32909522333070823,-0.43,-0.2906701480238733,-0.2475433209974423
1955-09-15,-1.33,-1.2978286818523224,-0.3287786229041214,-0.738,-0.6003130748571104,-0.24728963431332793
1955-10-15,-1.59,-1.5619226788001974,-0.32845788714264207,-0.73,-0.5939556777480899,-0.24703621873072168
1955-11-15,-1.91,-1.8860210762262688,-0.3281330508055772,-0.269,-0.1345979033928078,-0.24678307715210393
1955-12-15,-1.52,-1.5001237062513928,-0.3278041486000178,-0.3,-0.16723969831249327,-0.24653021246923218
1956-01-15,-1.23,-1.2142304005432798,-0.3274712151800563,-0.101,0.030118991145278162,-0.24627762756309166
1956-02-15,-0.98,-0.9683409903199394,-0.32713428514600756,-0.021,0.10847821880545588,-0.24602532530384646
1956-03-15,-0.93,-0.9224553063531586,-0.3267933930436332,-0.001,0.126838038664376,-0.24577330855079044
1956-04-15,-0.78,-0.7765731789720064,-0.3264485733633697,-0.3,-0.1738014951113891,-0.24552158015229872
1956-05-15,-0.59,-0.5906944380663608,-0.3260998605395604,-0.57,-0.44544032818619156,-0.2452701429457792
1956-06-15,-0.83,-0.8348189130904679,-0.3257472889496907,-0.826,-0.7030784060564821,-0.2450189997576249
1956-07-15,-0.94,-0.9489464330665196,-0.32539089291362655,-1.083,-0.961715674051994,-0.24476815340316654
1956-08-15,-0.81,-0.8230768265882662,-0.32503070669285744,-0.772,-0.6523520773369409,-0.244517606686625
1956-09-15,-0.91,-0.9272099218246462,-0.32466676448974185,-0.803,-0.6849875609112263,-0.24426736240106417
1956-10-15,-0.69,-0.7113455465234512,-0.32429910044675686,-0.672,-0.5556220696116609,-0.2440174233283439
1956-11-15,-1.01,-1.0354835280150163,-0.32392774864575136,-0.516,-0.4012555481131974,-0.24376779223907336
1956-12-15,-0.58,-0.6096236932159356,-0.3235527431072029,-0.151,-0.03788794093017307,-0.2435184718925649
1957-01-15,-0.56,-0.5937658686328089,-0.32317411778947824,-0.437,-0.32551919241756716,-0.24326946503678826
1957-02-15,-0.24,-0.27790988036601083,-0.32279190658809803,-0.564,-0.4541492467722656,-0.24302077440832495
1957-03-15,0.08,0.03794444588650643,-0.3224061433350044,-0.197,-0.0887780480343416,-0.24277240273232265
1957-04-15,0.42,0.37379728482538815,-0.3220168617978327,-0.3,-0.19340554008834612,-0.24252435272245007
1957-05-15,0.45,0.39964881154602233,-0.3216240956791869,-0.326,-0.22103166666460988,-0.24227662708085218
1957-06-15,0.53,0.4754992015346583,-0.32122787861591867,-0.465,-0.36165637134055806,-0.2420292284981053
1957-07-15,0.69,0.6313486306644983,-0.32082824417841016,-0.488,-0.3862795975420359,-0.24178215965317268
1957-08-15,0.79,0.7271972751917615,-0.3204252258698616,-0.266,-0.1659012885446478,-0.24153542321336083
1957-09-15,0.53,0.46304531175171965,-0.32001885712558154,-0.383,-0.28452138747510686,-0.2412890218342757
1957-10-15,0.74,0.6688929173547067,-0.31960917131228045,-0.523,-0.4261398373125962,-0.24104295815977908
1957-11-15,1.09,1.0147402693820995,-0.31919620172736896,-0.482,-0.38675658089014325,-0.2407972348219452
1957-12-15,1.18,1.1005875455822698,-0.3187799815982599,-0.25,-0.15637156089600557,-0.2405518544410172
1958-01-15,1.54,1.4564349240665122,-0.31836054408167436,-0.396,-0.30398471987506975,-0.2403068196253645
1958-02-15,1.4,1.3122825833049394,-0.31793792226295176,-0.234,-0.14359600023026142,-0.240062132971441
1958-03-15,0.99,0.8981307021223555,-0.3175121491553633,-0.374,-0.28520534422396876,-0.23981779706374268
1958-04-15,0.31,0.2139794596940956,-0.31708325769942974,-0.348,-0.26081269397947626,-0.23957381447476542
1958-05-15,0.32,0.21982903554184335,-0.3166512807622428,-0.496,-0.4104179914824114,-0.23933018776496373
1958-06-15,0.3,0.19567960952941202,-0.3162162511367906,-0.854,-0.7700211785822033,-0.2390869194827099
1958-07-15,0.04,-0.06846863814149654,-0.3157782015412868,-1.063,-0.9806221969935546,-0.23884401216425316
1958-08-15,0.24,0.12738447306443834,-0.3153371646185041,-1.26,-1.1792209882979263,-0.23860146833367885
1958-09-15,-0.31,-0.42676087598814394,-0.3148931729351112,-1.303,-1.223817493945031,-0.23835929050286772
1958-10-15,-0.03,-0.15090450410960882,-0.3144462589810136,-0.966,-0.8884116552543436,-0.23811748117145604
1958-11-15,0.05,-0.0750462297896842,-0.313996455168699,-0.674,-0.5980034134166223,-0.23787604282679556
1958-12-15,0.3,0.1708141287981577,-0.3135437938325868,-0.639,-0.5645927094954435,-0.23763497794391403
1959-01-15,0.43,0.2966767537922879,-0.3130883072283807,-0.027,0.045820515571254106,-0.23739428898547585
1959-02-15,0.5,0.36254182763848186,-0.3126300275324261,-0.531,-0.45976367903038917,-0.23715397840174346
1959-03-15,0.26,0.11840953308545117,-0.31216898684107136,-0.524,-0.45434523399171933,-0.2369140486305388
1959-04-15,0.27,0.12428005318034777,-0.3117052171700335,-0.357,-0.2889240898831553,-0.23667450209720448
1959-05-15,-0.01,-0.15984642873576177,-0.31123875045376764,-0.742,-0.6755001871557815,-0.2364353412145655
1959-06-15,-0.33,-0.4839697290324485,-0.3107696185448403,-0.745,-0.6800734661429526,-0.2361965683828917
1959-07-15,-0.28,-0.4380896637945033,-0.31029785321330716,-0.667,-0.6036438670619146,-0.23595818598986018
1959-08-15,-0.41,-0.5722060488265477,-0.30982348614609495,-0.913,-0.8512113300154357,-0.23572019641051847
1959-09-15,-0.53,-0.6963186996576705,-0.30934654894638725,-0.839,-0.7787757949934488,-0.23548260200724774
1959-10-15,0.11,-0.06042743154609373,-0.30886707313301426,-0.586,-0.5273372018747096,-0.23524540512972622
1959-11-15,-0.17,-0.3445320594838713,-0.30838509013984683,-0.574,-0.5168954904284647,-0.23500860811489296
1959-12-15,-0.05,-0.22863239820160952,-0.3079006313151947,-0.357,-0.3014506003161331,-0.234772213286912
1960-01-15,0.02,-0.16272826217322373,-0.3074137279212091,-0.236,-0.18200247109299927,-0.23453622295713686
1960-02-15,-0.24,-0.4268194656207198,-0.3069244111332897,-0.043,0.00944895779007937,-0.23430063942407536
1960-03-15,-0.08,-0.27090582251900364,-0.3064327120394951,-0.433,-0.38209625301504646,-0.23406546497335454
1960-04-15,0.01,-0.18498714660072318,-0.305938661639958,-0.745,-0.6956380427555489,-0.23383070187768615
1960-05-15,0.05,-0.14906325136113585,-0.30544229084630414,-0.738,-0.6901763505793683,-0.2335963523968324
1960-06-15,-0.2,-0.4031339500630066,-0.3049436304810758,-0.681,-0.634711115536971,-0.23336241877757227
1960-07-15,-0.25,-0.4571990557415341,-0.30444271127715894,-0.734,-0.6892422765831179,-0.23312890325366825
1960-08-15,-0.0,-0.2112583812093069,-0.303939563877215,-0.584,-0.5407697725786476,-0.2328958080458333
1960-09-15,0.03,-0.18531173906128898,-0.30343421883311755,-0.582,-0.5402935422922718,-0.2326631353616979
1960-10-15,-0.07,-0.28935894167983117,-0.30292670660539267,-0.906,-0.8658135244023818,-0.23243088739577777
1960-11-15,-0.38,-0.6033998012397149,-0.30241705756266346,-0.811,-0.7723296574988694,-0.2321990663294418
1960-12-15,0.02,-0.20743412971322325,-0.3019053019810994,-0.641,-0.6038418800849603,-0.23196767433087956
1961-01-15,-0.15,-0.38146173887524415,-0.3013914700438697,-0.144,-0.10835013057906079,-0.2317367135550697
1961-02-15,0.04,-0.19548244030839748,-0.30087559184060086,-0.08,-0.045854347316615196,-0.23150618614374815
1961-03-15,-0.1,-0.339496045408197,-0.30035769736683887,-0.122,-0.08935446855197599,-0.23127609422537765
1961-04-15,0.13,-0.11350236538823796,-0.2998378165235153,-0.612,-0.5808504324602898,-0.23104643991511653
1961-05-15,-0.01,-0.25750121128541725,-0.2993159791164177,-0.438,-0.40834217713939425,-0.23081722531478846
1961-06-15,0.1,-0.15149239396518002,-0.29879221485566454,-0.006,0.022170359388269334,-0.23058845251285204
1961-07-15,-0.32,-0.5754757241267986,-0.29826655335518454,0.63,0.6566872391737331,-0.23036012358437116
1961-08-15,-0.25,-0.5094510123086777,-0.2977390241322001,0.776,0.8012085243395659,-0.23013224059098578
1961-09-15,-0.52,-0.7834180688936929,-0.2972096566067154,0.554,0.5777342770779248,-0.2299048055808829
1961-10-15,-0.71,-0.9773767041145531,-0.2966784801010082,0.457,0.4792645596485917,-0.22967782058876776
1961-11-15,-0.19,-0.46132672805919817,-0.29614552383912723,0.323,0.3437994343769962,-0.22945128763583547
1961-12-15,-0.29,-0.565267950676224,-0.2956108169463933,0.311,0.33033896365222837,-0.229225208729743
1962-01-15,-0.25,-0.5292001817803353,-0.2950743884489053,0.512,0.5298832099250389,-0.22899958586458133
1962-02-15,-0.16,-0.4431232310578286,-0.2945362672730505,0.544,0.5604322357058246,-0.22877442102084797
1962-03-15,-0.41,-0.6970369080721065,-0.2939964822450181,0.356,0.3709861035626031,-0.22854971616541986
1962-04-15,-0.32,-0.6109410222692205,-0.2934550620903185,-0.019,-0.005455123881027646,-0.22832547325152666
1962-05-15,-0.42,-0.7148353829834457,-0.2929120354333064,-0.385,-0.37289138394794336,-0.2281016942187242
1962-06-15,-0.22,-0.5187197994428817,-0.29236743079670846,-0.458,-0.4473226139095599,-0.22787838099286833
1962-07-15,-0.3,-0.6025940807750858,-0.2918212766011551,-0.468,-0.45874875098791307,-0.22765553548608902
1962-08-15,-0.13,-0.4364580360127346,-0.2912736011647169,-0.303,-0.29516973235775024,-0.22743315959676488
1962-09-15,-0.56,-0.8703114740993161,-0.2907244327024456,-0.186,-0.17958549514863775,-0.2272112552094978
1962-10-15,-0.33,-0.6441542038948497,-0.2901737993259194,-0.327,-0.3219959764470788,-0.2269898241950884
1962-11-15,-0.43,-0.7479860341816407,-0.2896217290427929,-0.213,-0.2094011132986451,-0.2267688684105116
1962-12-15,-0.49,-0.8118067736700605,-0.28906824975635104,-0.071,-0.06880084271012343,-0.22654838969889293
1963-01-15,-0.32,-0.6456162310043576,-0.2885133892650684,0.329,0.32980489834832794,-0.22632838988948495
1963-02-15,-0.26,-0.589414214768498,-0.28795717526217257,0.395,0.39441617294100695,-0.22610887079764427
1963-03-15,-0.06,-0.39320053349203477,-0.28739963533521173,0.201,0.1990330441644838,-0.22588983422480877
1963-04-15,-0.06,-0.39697499565601047,-0.2868407969656275,-0.061,-0.06434442485459707,-0.22567128195847497
1963-05-15,-0.0,-0.3407374096988881,-0.286280687528331,-0.324,-0.32871617096172884,-0.22545321577217636
1963-06-15,0.12,-0.22448758402251234,-0.28571933429128477,-0.248,-0.25408213097676585,-0.22523563742546163
1963-07-15,0.72,0.37177467300189926,-0.28515676441508814,0.212,0.2045577583038386,-0.22501854866387297
1963-08-15,0.9,0.548049553027735,-0.2845930049525683,0.473,0.46420356010478114,-0.22480195121892538
1963-09-15,0.65,0.2943372477269378,-0.28402808284837505,0.081,0.0708553376696458,-0.2245858468080864
1963-10-15,0.84,0.48063794878392596,-0.28346202493858,0.432,0.420513154258626,-0.22437023713475565
1963-11-15,0.75,0.38695184788947873,-0.28289485795028063,0.319,0.30617707314623166,-0.2241551238882444
1963-12-15,1.05,0.6832791367345968,-0.28232660850120866,-0.059,-0.07315284238101241,-0.22394050874375582
1964-01-15,0.76,0.3896200070043287,-0.2817573030993435,-0.461,-0.4764765290268843,-0.22372639336236533
1964-02-15,0.55,0.1759746503715704,-0.2811869681425297,-0.692,-0.708793923487796,-0.2235127793910017
1964-03-15,-0.16,-0.5376567415091664,-0.28061562991809913,-0.312,-0.33010496245513715,-0.22329966846242846
1964-04-15,-0.53,-0.9112739770080164,-0.28004331460249793,-0.224,-0.2434095826176329,-0.22308706219522584
1964-05-15,-0.74,-1.1248768645260547,-0.2794700482609174,-0.52,-0.5407077206637134,-0.22287496219377306
1964-06-15,-0.88,-1.2684652125016194,-0.27889585684692997,-0.344,-0.3659993132838978,-0.2226633700482313
1964-07-15,-0.65,-1.0420388294166645,-0.2783207662021292,-0.829,-0.852284297173193,-0.22245228733452635
1964-08-15,-0.76,-1.155597523803145,-0.27774480205577534,-0.683,-0.7075626090335015,-0.22224171561433148
1964-09-15,-0.93,-1.3291411042494317,-0.27716799002444437,-0.981,-1.0068341855760479,-0.22203165643505074
1964-10-15,-1.0,-1.4026693794067553,-0.27659035561168177,-1.027,-1.0540989635238116,-0.22182211132980345
1964-11-15,-1.1,-1.50618215799568,-0.27601192420766124,-0.284,-0.3123568796139772,-0.2216130818174085
1964-12-15,-1.07,-1.4796792488126052,-0.2754327210888478,-0.182,-0.21160787060039682,-0.22140456940236922
1965-01-15,-0.57,-0.983160460736304,-0.27485277141766534,-0.331,-0.3618518732560644,-0.22119657557485833
1965-02-15,-0.36,-0.7766256027344884,-0.27427210024216836,-0.447,-0.47908882437560596,-0.22098910181070347
1965-03-15,-0.34,-0.7600744838704034,-0.27369073249571885,-0.186,-0.21931866077778425,-0.22078214957137296
1965-04-15,-0.09,-0.5135069133094545,-0.2731086929966676,-0.285,-0.31954131930801716,-0.2205757203039623
1965-05-15,0.19,-0.236922700325865,-0.2725260064480402,-0.54,-0.5757567368409061,-0.2203698154411808
1965-06-15,0.45,0.01967834569063598,-0.27194269743722727,-0.487,-0.5239648502827813,-0.22016443640133865
1965-07-15,0.81,0.3762964152280953,-0.2713587904356803,-0.473,-0.5111655965742599,-0.2199595845883341
1965-08-15,1.25,0.8129316986455868,-0.2707743097986113,-0.247,-0.28635891269281566,-0.21975526139164148
1965-09-15,1.26,0.819584386166432,-0.270189279764697,-0.197,-0.23754473565536383,-0.2195514681862997
1965-10-15,1.61,1.16625466787139,-0.269603724455788,0.017,-0.024723002520858572,-0.21934820633290067
1965-11-15,1.54,1.0929427336918136,-0.2690176678766224,-0.225,-0.2678936503929044,-0.21914547717757832
1965-12-15,1.45,0.9996487734027784,-0.26843113391454365,-0.29,-0.3340566164223797,-0.2189432820519976
1966-01-15,1.13,0.6763729766161811,-0.2678441463392232,-0.232,-0.27721183781007647,-0.21874162227334443
1966-02-15,0.83,0.37311553277380893,-0.26725672880238754,-0.163,-0.20935925180935075,-0.21854049914431548
1966-03-15,0.83,0.36987663114037383,-0.2666689048375499,-0.341,-0.38849879572878876,-0.2183399139531089
1966-04-15,0.54,0.07665646079651914,-0.26608069785974714,-0.435,-0.48363040693488457,-0.21813986797341575
1966-05-15,-0.06,-0.5265447893682054,-0.26549213116528064,-0.423,-0.4727540228547338,-0.21794036246441115
1966-06-15,0.14,-0.3297269306623978,-0.2649032279314617,-0.119,-0.16986958097873844,-0.21774139867074616
1966-07-15,0.23,-0.24288977459989108,-0.26431401121636183,-0.004,-0.05597701886332729,-0.21754297782253973
1966-08-15,-0.1,-0.5760331329068666,-0.26372450395856784,0.129,0.0759237258663113,-0.2173451011353712
1966-09-15,-0.05,-0.5291568175290016,-0.263134728976941,0.102,0.04783271551348256,-0.21714776981027298
1966-10-15,-0.05,-0.5322606406386471,-0.2625447089703811,-0.304,-0.35924998769277405,-0.21695098503372404
1966-11-15,-0.37,-0.8553444146420358,-0.2619544665175949,-0.361,-0.417324321600458,-0.21675474797764396
1966-12-15,-0.26,-0.7484079521865192,-0.26136402407686915,-0.236,-0.2933902241373956,-0.21655905979938675
1967-01-15,-0.55,-1.0414510661678393,-0.2607734039858485,-0.236,-0.29444763331403956,-0.21636392164173507
1967-02-15,-0.56,-1.054473569737426,-0.26018262846131773,-0.073,-0.1324964872262825,-0.21616933463289517
1967-03-15,-0.47,-0.9674752763097296,-0.2595917195989891,0.248,0.18746327594171452,-0.2159752998864925
1967-04-15,-0.53,-1.0304559995695834,-0.25900069937329345,-0.263,-0.32456828208531935,-0.21578181850156736
1967-05-15,-0.24,-0.7434155534795917,-0.2584095896371763,-0.165,-0.22759109967661612,-0.2155888915625713
1967-06-15,-0.12,-0.6263537522875567,-0.257818412121898,0.044,-0.019605115298239995,-0.21539652013936358
1967-07-15,-0.1,-0.609270410533929,-0.25722718843683834,0.14,0.07538973248403291,-0.21520470528720756
1967-08-15,-0.31,-0.8221653430592918,-0.2566359400693066,0.13,0.06439350500181917,-0.2150134480467679
1967-09-15,-0.59,-1.1050383650118758,-0.25604468838435585,0.145,0.07840626348121926,-0.21482274944410795
1967-10-15,-0.38,-0.8978892918551057,-0.25545345462460134,0.159,0.09142806903989475,-0.21463261049068771
1967-11-15,-0.34,-0.8607179393751789,-0.25486225991004413,0.023,-0.04554101731586757,-0.21444303218336214
1967-12-15,-0.35,-0.8735241236886717,-0.25427112523789885,0.054,-0.015500934694103519,-0.21425401550438017
1968-01-15,-0.6,-1.126307661250178,-0.25368007148242583,0.213,0.1425483776798654,-0.21406556142138367
1968-02-15,-0.74,-1.2690683688599773,-0.2530891193947678,0.334,0.2626069804604559,-0.21387767088740695
1968-03-15,-0.76,-1.2918060636717357,-0.25249828960279186,0.154,0.08167493417883254,-0.2136903448408766
1968-04-15,-0.47,-1.0045205632002348,-0.25190760261093537,0.073,-0.000247700760095948,-0.21350358420561202
1968-05-15,-0.44,-0.977211685329133,-0.25131707880005666,-0.123,-0.1971608640806951,-0.21331738989082574
1968-06-15,0.19,-0.34987924831875294,-0.25072673842729054,0.091,0.01593550436036517,-0.21313176279112458
1968-07-15,0.31,-0.2325230708139052,-0.2501366016259078,-0.521,-0.5969585354289346,-0.21294670378651095
1968-08-15,0.33,-0.21514297185173886,-0.24954668840517938,-0.455,-0.5318429235790185,-0.21276221374238438
1968-09-15,0.05,-0.49773877086962603,-0.2489570186502454,-0.734,-0.8117176003617891,-0.21257829350954396
1968-10-15,0.32,-0.23031028771307493,-0.24836761212198852,-0.531,-0.6095825061937106,-0.21239494392419106
1968-11-15,0.76,0.20714265735632365,-0.24777848845691208,-0.454,-0.5334375816389079,-0.21221216580793262
1968-12-15,0.76,0.20462024365292086,-0.24718966716702243,-0.213,-0.2932827674122777,-0.21202995996778445
1969-01-15,0.9,0.34212265005900333,-0.24660116763971543,-0.162,-0.2431180043826145,-0.21184832719617558
1969-02-15,1.02,0.45965005501675504,-0.2460130091376676,-0.164,-0.24594323357574832,-0.21166726827095256
1969-03-15,0.61,0.04720263652018891,-0.24542521079873164,0.06,-0.022758396177697315,-0.2114867839553844
1969-04-15,0.33,-0.23521942789294875,-0.2448377916358366,-0.051,-0.13456343353783407,-0.21130687499816808
1969-05-15,0.39,-0.1776159611493104,-0.24425077053689256,-0.166,-0.250358287172064,-0.21112754213343415
1969-06-15,0.26,-0.3099867866481074,-0.24366416626469953,-0.626,-0.7111428987660193,-0.21094878608075235
1969-07-15,0.1,-0.4723317282692996,-0.24307799745686098,-0.407,-0.49291721017826484,-0.21077060754513782
1969-08-15,0.52,-0.05465061038181704,-0.24249228262570155,-0.35,-0.43668116344351976,-0.21059300721705781
1969-09-15,0.47,-0.10694325785181336,-0.2419070401581901,-0.248,-0.33543470077588927,-0.21041598577243897
1969-10-15,0.66,0.08079050394905435,-0.2413222883158671,-0.2,-0.28817776457211247,-0.21023954387267493
1969-11-15,0.75,0.1685508491353096,-0.24073804523477615,-0.004,-0.09291029741482329,-0.21006368216463486
1969-12-15,0.68,0.096337951299314,-0.24015432892539945,-0.085,-0.17463224207582456,-0.20988840128067185
1970-01-15,0.55,-0.03584801649710831,-0.2395711572725986,0.297,0.20665645848062542,-0.20971370183863233
1970-02-15,0.36,-0.22800688173107436,-0.23898854803555958,0.326,0.2349558610945111,-0.20953958444186568
1970-03-15,0.26,-0.3301384724270785,-0.2384065188477422,0.068,-0.023733977593254574,-0.2093660496792342
1970-04-15,0.18,-0.41224261716545973,-0.237825087216834,0.219,0.12658699885584324,-0.20919309812512352
1970-05-15,0.01,-0.5843191450908982,-0.2372442705247085,0.182,0.08891884667457817,-0.20902073033945376
1970-06-15,-0.3,-0.8963678859209426,-0.23666408602738737,-0.385,-0.47873837811337144,-0.20884894686769037
1970-07-15,-0.98,-1.5783886699545686,-0.23608455085500718,-0.57,-0.6643846196967904,-0.2086777482408557
1970-08-15,-0.95,-1.5503813280807666,-0.2355056820117906,-0.351,-0.4460198224803104,-0.20850713497554116
1970-09-15,-0.78,-1.3823456917871626,-0.23492749637602173,-0.6,-0.6956439310878054,-0.20833710757391952
1970-10-15,-0.65,-1.2542815931686682,-0.2343500107000259,-0.638,-0.7342568903657988,-0.20816766652375748
1970-11-15,-0.85,-1.4561888649361594,-0.23377324161015386,-0.307,-0.4038586453868856,-0.2079988122984293
1970-12-15,-1.11,-1.7180673404251896,-0.23319720560677043,-0.235,-0.33244914145316906,-0.20783054535692996
1971-01-15,-1.47,-2.07991685360473,-0.2326219190642478,0.198,0.09997167590029249,-0.20766286614388924
1971-02-15,-1.28,-1.891737239085942,-0.2320473982309631,0.013,-0.08559613909797831,-0.20749577508958578
1971-03-15,-1.29,-1.9035283321309842,-0.2314736592292999,0.208,0.10884746754064817,-0.20732927260996198
1971-04-15,-0.97,-1.5852899686618462,-0.2309007180556543,0.24,0.1403025495614169,-0.2071633591066388
1971-05-15,-0.82,-1.437021985269215,-0.2303285905804452,-0.074,-0.17423083953731347,-0.2069980349669311
1971-06-15,-0.78,-1.3987242192213643,-0.2297572925481291,-0.236,-0.33675264650758585,-0.20683330056386368
1971-07-15,-0.64,-1.2603965084730788,-0.229186839577219,-0.354,-0.4552628183553757,-0.20666915625618804
1971-08-15,-0.65,-1.2720386916746111,-0.22861724716030762,-0.547,-0.648761302344133,-0.20650560238839893
1971-09-15,-0.75,-1.3736506081806648,-0.22804853066409486,-0.746,-0.8482480459983386,-0.20634263929075153
1971-10-15,-0.78,-1.405232098059408,-0.22748070532941977,-0.629,-0.7317229971070751,-0.20618026727927857
1971-11-15,-0.85,-1.4767830021015174,-0.22691378627129696,0.017,-0.08618610372760954,-0.20601848665580863
1971-12-15,-0.89,-1.518303161829253,-0.22634778847895723,0.215,0.1113626858110115,-0.20585729770798492
1972-01-15,-0.58,-1.2097924195055645,-0.22578272681589237,0.143,0.038923422904352134,-0.20569670070928406
1972-02-15,-0.22,-0.8512506181432249,-0.2252186160199038,-0.216,-0.32050384133103615,-0.20553669591903515
1972-03-15,-0.25,-0.8826776015139939,-0.2246554707031557,0.031,-0.07391905606124946,-0.20537728358243937
1972-04-15,0.21,-0.4240732141578109,-0.22409330535223218,0.131,0.02567782926131723,-0.20521846393058998
1972-05-15,0.33,-0.30543730139202263,-0.22353213432819902,0.157,0.051286864894308615,-0.2050602371804923
1972-06-15,0.66,0.02323029067936211,-0.22297197186666895,0.739,0.6329081008017328,-0.20490260353508508
1972-07-15,0.83,0.1919297151563838,-0.22241283207787116,0.708,0.6015415866502706,-0.20474556318326154
1972-08-15,1.3,0.6606611243338176,-0.22185472894672528,0.511,0.40418737180557396,-0.20458911629989096
1972-09-15,1.19,0.5494246696918275,-0.22129767633291922,0.363,0.25584550532854866,-0.20443326304584075
1972-10-15,1.77,1.1282205018865914,-0.2207416879709912,0.327,0.2195160359716256,-0.20427800356799852
1972-11-15,1.87,1.227048770740896,-0.22018677747041637,0.671,0.5631990121750197,-0.20412333799929505
1972-12-15,2.19,1.5459096252347013,-0.2196329583156972,0.477,0.3688944820629719,-0.20396926645872793
1973-01-15,1.6,0.954803213495677,-0.21908024386645814,0.043,-0.06539750656001753,-0.2038157890513855
1973-02-15,1.08,0.4337296827897009,-0.2185286473575445,-0.077,-0.18567690621297342,-0.20366290586847122
1973-03-15,0.58,-0.06731082048866543,-0.217978181899125,-0.001,-0.10994366974224222,-0.20351061698732795
1973-04-15,-0.07,-0.7183181508257339,-0.21742886047679824,-0.117,-0.22619775032530076,-0.2033589224714629
1973-05-15,-0.56,-1.2092921635982754,-0.21688069595170328,0.085,-0.024439101474577174,-0.20320782237057308
1973-06-15,-0.86,-1.5102327150831356,-0.21633370106063485,-0.225,-0.33466767704128675,-0.2030573167205711
1973-07-15,-1.14,-1.7911396624668792,-0.21578788841616234,-0.495,-0.6048834312192786,-0.20290740554361136
1973-08-15,-1.21,-1.862012863855468,-0.21524327050675296,-0.607,-0.7170863185488972,-0.2027580888481169
1973-09-15,-1.4,-2.0528521782839646,-0.21469985969689845,-0.773,-0.883276293920856,-0.2026093666288063
1973-10-15,-1.58,-2.2336574657262696,-0.21415766822724572,-0.449,-0.5594533125801253,-0.20246123886672077
1973-11-15,-2.07,-2.724428587104888,-0.2136167082147318,-0.157,-0.2676173301298327,-0.20231370552925224
1973-12-15,-2.18,-2.8351654043007244,-0.21307699165272248,0.047,-0.06376830253517696,-0.20216676657017155
1974-01-15,-2.02,-2.6758677801629043,-0.21253853041115517,0.279,0.16809381387264627,-0.20202042192965733
1974-02-15,-1.5,-2.156535578518632,-0.212001336236686,0.156,0.04496906239250417,-0.20187467153432515
1974-03-15,-1.44,-2.0971686641830694,-0.2114654207528402,0.249,0.13785748594937497,-0.2017295152972567
1974-04-15,-1.0,-1.657766902969246,-0.21093079546016696,-0.053,-0.16424087290961936,-0.20158495311802904
1974-05-15,-0.79,-1.4483301616979982,-0.21039747173639772,-0.239,-0.3503259720191907,-0.20144098488274462
1974-06-15,-0.7,-1.3588583082079453,-0.20986546083660912,-0.027,-0.13839776959987662,-0.2012976104640619
1974-07-15,-0.65,-1.309351211365487,-0.20933477389338964,-0.249,-0.3604562242620456,-0.2011548297212262
1974-08-15,-0.32,-0.9798087410748346,-0.20880542191700982,-0.497,-0.6085012950099136,-0.20101264250010129
1974-09-15,-0.35,-1.0102307682880705,-0.20827741579559622,-0.661,-0.7725329412455756,-0.2008710486332011
1974-10-15,-0.75,-1.4106171650152364,-0.20775076629530964,-0.845,-0.9565511227730492,-0.20073004793972166
1974-11-15,-0.96,-1.6209678043344526,-0.20722548406052696,-0.551,-0.662555799802331,-0.20058964022557363
1974-12-15,-0.86,-1.521282560402065,-0.20670157961402688,-0.36,-0.4715469329534664,-0.2004498252834153
1975-01-15,-0.37,-1.0315613084628192,-0.20617906335717912,-0.367,-0.4785244832606296,-0.20031060289268546
1975-02-15,-0.33,-0.9918039248600665,-0.20565794557013775,-0.249,-0.36048841217621796,-0.2001719728196373
1975-03-15,-0.59,-1.2520102870459964,-0.20513823641203854,-0.464,-0.5754386815749608,-0.2000339348173723
1975-04-15,-0.59,-1.252180273591899,-0.20461994592119978,0.087,-0.024375253758037813,-0.1998964886258746
1975-05-15,-1.0,-1.6623137641984589,-0.20410308401532656,0.066,-0.045298091457216,-0.199759633972046
1975-06-15,-1.25,-1.9124106397060756,-0.20358766049171897,0.055,-0.05620715783899269,-0.19962337056974108
1975-07-15,-1.24,-1.9024707821052163,-0.2030736850274842,-0.039,-0.1501024165087564,-0.1994876981198029
1975-08-15,-1.16,-1.8224940745467992,-0.20256116717975242,-0.344,-0.4549838315149582,-0.19935261631009865
1975-09-15,-1.44,-2.102480401352601,-0.20205011638589643,-0.857,-0.9678513673532967,-0.19921812481555584
1975-10-15,-1.47,-2.1324296480256897,-0.20154054196375468,-1.056,-1.1667049889709156,-0.19908422329819903
1975-11-15,-1.46,-2.122341701260892,-0.20103245311185805,-0.328,-0.4385446617706149,-0.1989509114071867
1975-12-15,-1.64,-2.3022164489552814,-0.2005258589096602,-0.17,-0.2803703516150768,-0.19881818877884852
1976-01-15,-1.8,-2.4620537802187026,-0.20002076831777132,0.005,-0.10518202483109554,-0.198686055036723
1976-02-15,-1.05,-1.7118535853843246,-0.19951719017819536,0.077,-0.03297964821382787,-0.19855450979159595
1976-03-15,-0.68,-1.3416157560192274,-0.19901513321457148,0.02,-0.08976318903105301,-0.19842355264153877
1976-04-15,-0.42,-1.0813401849350062,-0.19851460603241877,0.122,0.012467384972554396,-0.19829318317194752
1976-05-15,-0.49,-1.151026766198409,-0.19801561711938437,-0.004,-0.113287894428862,-0.19816340095558202
1976-06-15,0.0,-0.6606753951420019,-0.19751817484549547,0.369,0.25997100405336193,-0.19803420555260548
1976-07-15,0.15,-0.5102859683748632,-0.19702228746341469,0.594,0.48524411121809863,-0.19790559651062484
1976-08-15,0.31,-0.3498583837933039,-0.19652796310869886,0.107,-0.0014685426298943205,-0.19777757336473106
1976-09-15,0.57,-0.08939254059161961,-0.19603520980006173,-0.208,-0.3161669276843087,-0.19765013563754
1976-10-15,0.86,0.20111166072713194,-0.19554403543963975,-0.231,-0.3388510146416371,-0.19752328283923373
1976-11-15,0.88,0.2216543183403219,-0.1950544478132614,-0.181,-0.288520774705534,-0.19739701446760227
1976-12-15,0.64,-0.017764470905084817,-0.19456645459071997,0.028,-0.07917617959118925,-0.1972713300080856
1977-01-15,0.84,0.18285538849660754,-0.1940800633260499,-0.003,-0.10981720152971441,-0.19714622893381592
1977-02-15,0.55,-0.10648600930106678,-0.1935952814578064,-0.261,-0.3674438132725407,-0.19702171070566007
1977-03-15,0.4,-0.25578857150765444,-0.19311211630934874,0.174,0.06794401190417049,-0.1968977747722626
1977-04-15,-0.25,-0.9050522067067305,-0.19263057508912695,-0.029,-0.13465369980489728,-0.19677442057008904
1977-05-15,-0.03,-0.6842768248668749,-0.19215066489097157,-0.341,-0.44623692273864823,-0.19665164752346978
1977-06-15,0.36,-0.2934623373526807,-0.19167239269438677,-0.095,-0.19980563177402305,-0.19652945504464417
1977-07-15,0.45,-0.20260865693578312,-0.1911957653648469,-0.171,-0.27535980233045937,-0.19640784253380505
1977-08-15,0.25,-0.4017156978059203,-0.19072078965409642,-0.26,-0.3638994103743627,-0.19628680937914356
1977-09-15,0.44,-0.21078337558201887,-0.1902474722004532,-0.259,-0.3624244324235918,-0.1961663549568939
1977-10-15,0.89,0.24018839267668923,-0.18977581952911524,0.245,0.14206515444804485,-0.196046478631379
1977-11-15,1.03,0.38119968845952346,-0.18930583805247048,-0.127,-0.22943062739372116,-0.19592717975505608
1977-12-15,1.09,0.44225059179318493,-0.18883753407040982,-0.02,-0.12191175614813687,-0.19580845766856253
1978-01-15,0.72,0.07334118123055944,-0.18837091377064297,-0.64,-0.741378210583964,-0.19569031170076237
1978-02-15,0.51,-0.1355284661605053,-0.18790598322901797,-0.53,-0.6308299700440225,-0.1955727411687929
1978-03-15,0.06,-0.5843582748084563,-0.18744274840984365,-0.582,-0.682267014449751,-0.19545574537811172
1978-04-15,-0.37,-1.0131481706493137,-0.18698121516621544,-0.214,-0.3136893243057756,-0.19533932362254433
1978-05-15,-0.49,-1.1318980811379795,-0.18652138924034453,-0.533,-0.6320968807044931,-0.19522347518433178
1978-06-15,-0.45,-1.0906079352595737,-0.18606327626388983,-0.174,-0.2724896653306623,-0.19510819933417872
1978-07-15,-0.48,-1.1192776635407964,-0.18560688175829315,-0.107,-0.2048676604660142,-0.1949934953313021
1978-08-15,-0.62,-1.2579071980613175,-0.18515221113511798,-0.224,-0.3212308489938678,-0.19487936242347983
1978-09-15,-0.6,-1.2364964724651935,-0.18469926969639097,-0.261,-0.3575792144037603,-0.19476579984709988
1978-10-15,-0.34,-0.9750454219723129,-0.18424806263494675,-0.502,-0.5979127407960899,-0.19465280682720953
1978-11-15,-0.15,-0.7835539833898665,-0.18379859503477566,-0.458,-0.5532314128867688,-0.19454038257756487
1978-12-15,0.07,-0.5620220951238427,-0.18335087187137475,-0.26,-0.35453521601188986,-0.1944285263006805
1979-01-15,0.05,-0.5804496971905537,-0.18290489801210158,0.317,0.22317586386759536,-0.1943172371878799
1979-02-15,0.09,-0.538836731228186,-0.18246067821653122,-0.158,-0.2510981598388139,-0.19420651441934605
1979-03-15,0.13,-0.49718314050837936,-0.18201821713681596,-0.034,-0.12635727435586674,-0.1940963571641723
1979-04-15,0.17,-0.45548886994783033,-0.18157751931804783,-0.207,-0.29860146754727745,-0.19398676458041353
1979-05-15,-0.09,-0.7137538661199238,-0.18113858919862405,-0.444,-0.534830727920449,-0.19387773581513768
1979-06-15,0.04,-0.5819780772663907,-0.1807014311106155,0.108,0.017954955368790354,-0.19376927000447783
1979-07-15,-0.2,-0.820161453308995,-0.1802660492801384,-0.315,-0.4042444074885635,-0.19366136627368474
1979-08-15,0.21,-0.408303945861243,-0.17983244782772867,-0.226,-0.3144288069594462,-0.1935540237371794
1979-09-15,0.48,-0.13640550824012376,-0.17940063076871943,-0.28,-0.3675982341735,-0.19344724149860584
1979-10-15,0.32,-0.2944660954778713,-0.17897060201362092,-0.314,-0.40075268092785543,-0.19334101865088418
1979-11-15,0.35,-0.26248566433375586,-0.1785423653685036,-0.251,-0.3368921396919268,-0.19323535427626404
1979-12-15,0.69,0.07953582669410042,-0.1781159245353836,-0.101,-0.1860166036122189,-0.1931302474463785
1980-01-15,0.55,-0.05840158264312012,-0.17769128311261123,-0.158,-0.24212606651714536,-0.19302569722229787
1980-02-15,0.33,-0.2762978543567982,-0.17726844459526203,-0.2,-0.2832205229218582,-0.19292170265458425
1980-03-15,0.09,-0.514152952232773,-0.17684741237553098,-0.417,-0.4992999680330899,-0.19281826278334616
1980-04-15,0.2,-0.40196684184326426,-0.1764281897431292,-0.095,-0.1763643977540069,-0.19271537663829355
1980-05-15,0.13,-0.4697394905588205,-0.17601077988568373,-0.066,-0.14641380868907533,-0.19261304323879314
1980-06-15,0.37,-0.22747086756029233,-0.17559518588913953,-0.382,-0.4614481981489359,-0.19251126159392393
1980-07-15,0.02,-0.5751609438508318,-0.1751814107381644,-0.661,-0.7394675641552912,-0.1924100307025331
1980-08-15,-0.23,-0.8228096922679169,-0.17476945731655638,-0.822,-0.8994719054458051,-0.19230934955329188
1980-09-15,-0.12,-0.7104170874954038,-0.17435932840765395,-0.745,-0.8214612214790131,-0.19220921712475184
1980-10-15,-0.11,-0.6979831060756035,-0.17395102669474857,-0.657,-0.7324355124392428,-0.19210963238540135
1980-11-15,0.1,-0.4855077264213823,-0.1735445547615001,-0.417,-0.4913947792415473,-0.1920105942937227
1980-12-15,0.36,-0.22299092882828986,-0.17313991509235463,-0.483,-0.5563390235366497,-0.1919121017982491
1981-01-15,-0.45,-1.0304326954867116,-0.17273711007296483,-0.201,-0.27326824771589747,-0.19181415383762218
1981-02-15,-0.45,-1.0278330104940436,-0.17233614199061262,-0.024,-0.09518245491623112,-0.19171674934064967
1981-03-15,-0.02,-0.5951918598668982,-0.17193701303463457,0.027,-0.04308164902516057,-0.1916198872263636
1981-04-15,-0.17,-0.7425092315533308,-0.17153972529685035,0.092,0.023034165314246013,-0.19152356640407842
1981-05-15,-0.11,-0.6797851154450929,-0.17114428077199328,-0.018,-0.085835017301638,-0.1914277857734494
1981-06-15,-0.15,-0.7170195033899126,-0.1707506813581433,-0.24,-0.30668920304200886,-0.19133254422453155
1981-07-15,-0.43,-0.994212389203798,-0.170358928857162,-0.56,-0.6255283988466547,-0.1912378406378385
1981-08-15,-0.18,-0.7413637686833656,-0.16996902497513025,-0.628,-0.6923526124309887,-0.19114367388440182
1981-09-15,-0.07,-0.6284736396181964,-0.16958097132278796,-0.757,-0.820161852291094,-0.1910500428258307
1981-10-15,-0.03,-0.5855420018032101,-0.16919476941597647,-0.606,-0.6679561277087779,-0.19095694631437185
1981-11-15,-0.27,-0.8225688570510692,-0.16881042067608334,-0.328,-0.38873544875663735,-0.19086438319296967
1981-12-15,0.07,-0.479554209204605,-0.16842792643048957,-0.019,-0.07849982630313693,-0.19077235229532713
1982-01-15,-0.04,-0.5864980641492716,-0.1680472879130187,0.144,0.08575072798230349,-0.19068085244596647
1982-02-15,-0.13,-0.67340042982562,-0.16766850626438867,0.166,0.109016201624211,-0.1905898824602903
1982-03-15,-0.02,-0.5602613162418003,-0.1672915825326655,0.054,-0.0017034186640506044,-0.19049944114464265
1982-04-15,0.24,-0.2970807354860882,-0.16691651767371904,0.119,0.06459185301459919,-0.19040952729637056
1982-05-15,0.65,0.11614129826056552,-0.16654331255168137,0.223,0.1699020017358247,-0.19032013970388556
1982-06-15,0.92,0.38940476871196006,-0.16617196793940717,0.255,0.20322701174873248,-0.19023127714672575
1982-07-15,0.64,0.1127096574640456,-0.16580248451893642,0.265,0.21456686647071782,-0.19014293839561758
1982-08-15,0.93,0.4060559439823006,-0.1654348628819592,0.256,0.2069215484823027,-0.19005512221253804
1982-09-15,1.39,0.8694436055890824,-0.16506910353028242,0.442,0.39429103952196065,-0.18996782735077716
1982-10-15,2.0,1.4828726174509597,-0.1647052068762989,0.623,0.5766753204809305,-0.1898810525550008
1982-11-15,2.07,1.5563429525660135,-0.16434317324345804,0.284,0.23907437139801946,-0.1897947965613135
1982-12-15,2.33,1.8198545817511245,-0.16398300286673914,-0.162,-0.20551182854560276,-0.18970905809732175
1983-01-15,2.43,1.9234074736292244,-0.16362469589312648,-0.482,-0.524083301031622,-0.18962383588219708
1983-02-15,2.22,1.7170015946165322,-0.16326825238208642,-0.587,-0.6276400686098076,-0.18953912862673977
1983-03-15,1.69,1.1906369089097653,-0.16291367230604642,-0.752,-0.7911821547032489,-0.1894549350334425
1983-04-15,1.12,0.6243133784733217,-0.1625609555508757,-0.556,-0.5937095836136024,-0.18937125379655428
1983-05-15,1.12,0.6280309630264431,-0.16221010191636806,-0.059,-0.09522238052635035,-0.18928808360214508
1983-06-15,0.62,0.13178962003035588,-0.16186111111672621,0.371,0.33627942848393066,-0.1892054231281703
1983-07-15,-0.11,-0.5944106953246133,-0.16151398278104842,0.525,0.49179581644829207,-0.18912327104453547
1983-08-15,-0.13,-0.6105700301319446,-0.16116871645381683,0.345,0.3133267554981226,-0.18904162601316124
1983-09-15,-0.5,-0.9766884337818567,-0.16082531159538768,-0.069,-0.09912778314015148,-0.18896048668804843
1983-10-15,-1.03,-1.502765957974259,-0.16048376758248342,-0.288,-0.3165678291503767,-0.18887985171534324
1983-11-15,-1.13,-1.598802656731728,-0.16014408370868666,-0.343,-0.36999341313199263,-0.18879971973340298
1983-12-15,-0.95,-1.4147985864125099,-0.15980625918493596,-0.101,-0.1264045666053619,-0.18872008937286192
1984-01-15,-0.8,-1.2607538057235432,-0.15947029314002328,-0.223,-0.24680132201711102,-0.1886409592566971
1984-02-15,-0.53,-0.9866683757335047,-0.15913618462109277,-0.149,-0.17118371274547936,-0.18856232800029468
1984-03-15,-0.48,-0.932542359885876,-0.1588039325941416,-0.122,-0.1425517731056811,-0.18848419421151613
1984-04-15,-0.6,-1.0483758240120338,-0.15847353594452265,0.05,0.031094461644724652,-0.1884065564907648
1984-05-15,-0.64,-1.084168836344364,-0.15814499347744831,-0.305,-0.3222450446995477,-0.18832941343105247
1984-06-15,-0.9,-1.3399214675293973,-0.15781830391849636,-0.357,-0.3725703292969,-0.18825276361806617
1984-07-15,-0.4,-0.8356337906409663,-0.15749346591411717,-0.366,-0.379881430264253,-0.18817660563023525
1984-08-15,-0.4,-0.8313058811933898,-0.1571704780321426,-0.498,-0.510178386682457,-0.18810093803879882
1984-09-15,-0.35,-0.7769378171546737,-0.1568493387622964,-0.608,-0.6184612386017123,-0.18802575940787336
1984-10-15,-0.83,-1.2525296789597382,-0.15653004651670607,-0.654,-0.6627300270469998,-0.18795106829452013
1984-11-15,-1.18,-1.5980815495236624,-0.15621259963041642,-0.418,-0.42498479402352046,-0.18787686324881278
1984-12-15,-1.53,-1.943593514254955,-0.15589699636190424,-0.278,-0.28322558252214636,-0.18780314281390514
1985-01-15,-0.89,-1.299065661068843,-0.1555832348935946,-0.466,-0.4694524365248799,-0.18772990552609917
1985-02-15,-0.91,-1.3144980804005888,-0.15527131333237865,-0.627,-0.6286654010103228,-0.18765714991491333
1985-03-15,-0.96,-1.3598908652188197,-0.15496122971013296,-0.541,-0.5408645219591562,-0.18758487450315117
1985-04-15,-0.98,-1.375244111038886,-0.15465298198424007,-0.2,-0.1980498463596302,-0.18751307780696974
1985-05-15,-0.9,-1.290557915936242,-0.15434656803811045,-0.223,-0.21922142221306093,-0.18744175833594826
1985-06-15,-0.76,-1.1458323805598456,-0.1540419856817056,-0.629,-0.6233792985393386,-0.18737091459315713
1985-07-15,-0.61,-0.9910676081455821,-0.1537392326520626,-0.403,-0.3955235253824445,-0.18730054507522684
1985-08-15,-0.49,-0.8662637045297065,-0.15343830661381974,-0.459,-0.449654153815981,-0.18723064827241703
1985-09-15,-0.57,-0.9414207781623067,-0.15313920515974366,-0.238,-0.2267712359487054,-0.1871612226686861
1985-10-15,-0.64,-1.0065389401207867,-0.15284192581125755,-0.498,-0.4848748249300771,-0.18709226674176058
1985-11-15,-0.43,-0.7916183041233715,-0.15254646601897068,0.074,0.0890350250441887,-0.18702377896320493
1985-12-15,-0.4,-0.7566589865426369,-0.15225282316320926,-0.417,-0.40004174127344666,-0.1869557577984913
1986-01-15,-0.79,-1.1416611064190558,-0.1519609945545482,-0.113,-0.09410518018791489,-0.18688820170706943
1986-02-15,-0.64,-0.9866247854745676,-0.15167097743434402,-0.135,-0.11415534906712725,-0.18682110914243674
1986-03-15,-0.51,-0.8515501481261699,-0.1513827689752688,-0.2,-0.17719230634756483,-0.18675447855220834
1986-04-15,-0.41,-0.7464373214995299,-0.1510963662818456,-0.286,-0.26121611153988067,-0.18668830837818753
1986-05-15,-0.47,-0.8012864354426147,-0.15081176639098476,-0.154,-0.1272268252345111,-0.18662259705643647
1986-06-15,-0.08,-0.40609762253934356,-0.15052896627252124,-0.278,-0.24922450910729604,-0.1865573430173468
1986-07-15,0.16,-0.16087101812326188,-0.15024796282975295,-0.546,-0.515209225925108,-0.18649254468571047
1986-08-15,0.24,-0.0756067602912337,-0.14996875289997985,-0.401,-0.36818103955149006,-0.18642820048079048
1986-09-15,0.59,0.2796950100828448,-0.14969133325504405,-0.142,-0.10714001495230498,-0.186364308816392
1986-10-15,0.9,0.5950341493343094,-0.1494157006018708,-0.048,-0.011086218201390247,-0.18630086810093324
1986-11-15,1.04,0.7404105109939747,-0.14914185158301047,-0.244,-0.20501971648622325,-0.18623787673751696
1986-12-15,0.98,0.6858239457743589,-0.14886978277718144,-0.274,-0.23294057811359567,-0.1861753331240015
1987-01-15,1.19,0.9012743015558917,-0.14859949069981354,-0.081,-0.03784887251529717,-0.18611323565307222
1987-02-15,1.17,0.8867614233730965,-0.14833097180359248,0.041,0.08625532974619227,-0.1860515827123131
1987-03-15,1.24,0.9622851534007579,-0.14806422247900505,-0.137,-0.08962804302799766,-0.18599037268427812
1987-04-15,0.89,0.6178453309400671,-0.14779923905488526,-0.157,-0.10749906367883716,-0.185929603946563
1987-05-15,0.91,0.6434417924047504,-0.14753601779896136,0.165,0.21664219380488497,-0.18586927487187685
1987-06-15,1.24,0.9790743713071697,-0.14727455491840358,0.109,0.16279565428083398,-0.18580938382811413
1987-07-15,1.34,1.0847428982444114,-0.14701484656037217,0.207,0.26296124144739513,-0.1857499291784265
1987-08-15,1.48,1.2304472008843534,-0.14675688881256663,0.297,0.3551388778379282,-0.18569090928129484
1987-09-15,1.53,1.2861871039517134,-0.1465006777037752,0.393,0.4533284848150143,-0.1856323224906012
1987-10-15,1.36,1.1219624292140769,-0.14624620920442505,0.255,0.3175299825646936,-0.18557416715570088
1987-11-15,1.29,1.0577729954679078,-0.14599347922713302,-0.051,0.013743290090696067,-0.1855164416214945
1987-12-15,1.05,0.8236186185245387,-0.14574248362725697,0.152,0.21896832520866416,-0.18545914422849993
1988-01-15,0.69,0.4694991111961424,-0.1454932182034479,0.353,0.4222050045403641,-0.18540227331292464
1988-02-15,0.35,0.1354142832816843,-0.14524567869820235,-0.154,-0.08254675649210924,-0.185345827206738
1988-03-15,0.29,0.08136394155285653,-0.14499986079841543,-0.313,-0.23928704367213605,-0.18528980423774344
1988-04-15,-0.49,-0.6926521102600086,-0.14475576013593452,-0.128,-0.052015943994384625,-0.1852342027296507
1988-05-15,-1.05,-1.2466340714820414,-0.14451337228811328,-0.513,-0.43473354567063227,-0.18517902100214803
1988-06-15,-1.46,-1.6505821445079591,-0.1442726927783657,-0.272,-0.19143993813559199,-0.18512425737097482
1988-07-15,-1.54,-1.7244965348162042,-0.14403371707672083,-0.15,-0.06713521205275236,-0.18506991014799454
1988-08-15,-1.44,-1.6183774509831073,-0.14379644060037766,-0.289,-0.20381945932022177,-0.18501597764126726
1988-09-15,-1.33,-1.5022251046970672,-0.14356085871426072,-0.394,-0.3064927730765816,-0.1849624581551228
1988-10-15,-2.09,-2.2560397107727437,-0.14332696673157577,-0.525,-0.4351552477067484,-0.18490934999023342
1988-11-15,-2.18,-2.3398214871652776,-0.14309475991436574,-0.183,-0.09080697884784425,-0.1848566514436864
1988-12-15,-1.98,-2.1335706549845277,-0.142864233474067,0.156,0.2505519366049242,-0.18480436080905674
1989-01-15,-1.95,-2.0972874385093205,-0.1426353825720659,-0.281,-0.18407859950761873,-0.18475247637647996
1989-02-15,-1.37,-1.510972065201721,-0.14240820232025544,-0.045,0.05430131338548991,-0.1847009964327248
1989-03-15,-1.33,-1.4646247657213183,-0.1421826877815923,-0.319,-0.21730842542055273,-0.18464991926126587
1989-04-15,-1.11,-1.2382457739395247,-0.14195883397065392,-0.48,-0.37590791791222183,-0.1845992431423562
1989-05-15,-0.8,-0.9218353269538981,-0.14173663585419596,-0.594,-0.48749726736358434,-0.1845489663531001
1989-06-15,-0.64,-0.7553936651024812,-0.1415160883517095,-0.78,-0.6710765783422241,-0.18449908716752597
1989-07-15,-0.47,-0.5789210319781561,-0.14129718633597843,-0.447,-0.33564595671517505,-0.1844496038566592
1989-08-15,-0.58,-0.682417674443019,-0.1410799246336366,-0.321,-0.20720550965486426,-0.1844005146885954
1989-09-15,-0.38,-0.47588384264277006,-0.14086429802572528,-0.225,-0.10875534564505876,-0.1843518179285733
1989-10-15,-0.4,-0.489319790021124,-0.1406503012482507,-0.412,-0.2932955744868218,-0.18430351183904783
1989-11-15,-0.3,-0.38272577333423524,-0.1404379289927415,-0.338,-0.21682630730447666,-0.1842555946797629
1989-12-15,-0.13,-0.2061020526651406,-0.14022717590680603,-0.167,-0.043347656551578975,-0.18420806470782441
1990-01-15,0.02,-0.049448891438218734,-0.14001803659468992,-0.099,0.02714026398310422,-0.1841609201777731
1990-02-15,0.36,0.2972334435663335,-0.13981050561783334,-0.289,-0.16036266083039188,-0.18411415934165762
1990-03-15,0.2,0.14394468219800727,-0.13960457749542804,-0.143,-0.011856547469224113,-0.18406778044910738
1990-04-15,0.26,0.2106845509214712,-0.1394002467049741,-0.385,-0.2513415137637436,-0.1840217817474056
1990-05-15,0.32,0.2774527728020444,-0.13919750768283679,-0.348,-0.2118176789035032,-0.18397616148156204
1990-06-15,0.0,-0.03575093250884748,-0.13899635482480294,-0.568,-0.4292851634432754,-0.1839309178943857
1990-07-15,0.15,0.12107315121176865,-0.13879678248663743,-0.246,-0.10474408930907406,-0.18388604922655774
1990-08-15,0.17,0.14792473674383477,-0.13859878498463926,-0.392,-0.2481945798041872,-0.18384155371670408
1990-09-15,0.12,0.10480353340966919,-0.1384023565961972,-0.183,-0.03663675961521338,-0.18379742960146822
1990-10-15,0.13,0.12170924705935604,-0.13820749156034529,-0.345,-0.19607075481810896,-0.1837536751155843
1990-11-15,0.08,0.07864158005612054,-0.13801418407831795,-0.094,0.05750330711576146,-0.1837102884919498
1990-12-15,0.32,0.3256002312616878,-0.137822428314105,0.003,0.15708529731356316,-0.1836672679616985
1991-01-15,0.51,0.522584896021625,-0.13763221839500592,0.065,0.22167508549492543,-0.18362461175427316
1991-02-15,0.32,0.33959526615067026,-0.1374435484121839,-0.097,0.06227253996586765,-0.1835823180974986
1991-03-15,0.1,0.1266310299180441,-0.1372564124212193,-0.037,0.1248775276127192,-0.18354038521765412
1991-04-15,0.21,0.24369187203274445,-0.13707080444266284,0.289,0.45348991389603033,-0.18349881133954618
1991-05-15,0.44,0.48077747362882617,-0.1368867184625881,0.379,0.5461095628444773,-0.18345759468658052
1991-06-15,0.65,0.697887512250666,-0.1367041484331435,0.263,0.432736337048761,-0.18341673348083462
1991-07-15,0.62,0.6750216618382118,-0.1365230882731038,0.27,0.4423700976554973,-0.18337622594313
1991-08-15,0.43,0.4921795927122161,-0.13634353186842127,0.058,0.23301070436110136,-0.1833360702931045
1991-09-15,0.22,0.28936097155945195,-0.13616547307277593,0.099,0.27665801540566487,-0.18329626474928482
1991-10-15,0.91,0.9865654614179173,-0.13598890570812555,-0.03,0.1503118875668261,-0.18325680752915854
1991-11-15,1.14,1.2237927216620192,-0.1358138235652547,0.04,0.22297217615363435,-0.18321769684924605
1991-12-15,1.62,1.7110424079877495,-0.1356402204043231,0.084,0.2696387350004063,-0.18317893092517243
1992-01-15,1.61,1.708314172397836,-0.13546808995541362,-0.321,-0.13268858353942306,-0.18314050797173934
1992-02-15,1.62,1.7256076631868875,-0.1352974259190795,-0.389,-0.19800992859945532,-0.18310242620299677
1992-03-15,1.5,1.6129225249265238,-0.13512822196689042,-0.671,-0.4773254508064927,-0.18306468383231483
1992-04-15,1.41,1.530258398450491,-0.1349604717419779,-0.553,-0.35663530228670626,-0.18302727907245556
1992-05-15,1.27,1.3976149208397595,-0.13479416885957998,-0.549,-0.3499396366718124,-0.18299021013564454
1992-06-15,0.53,0.6649917254076101,-0.13462930690758493,-0.861,-0.6592386091052537,-0.1829534752336423
1992-07-15,0.27,0.4123884416847029,-0.13446587944707405,-0.479,-0.2745323762483873,-0.18291707257781556
1992-08-15,-0.15,-0.00019530459586998908,-0.13430388001286384,-0.768,-0.560821096286682,-0.1828810003792085
1992-09-15,-0.14,0.017240108486456858,-0.1341433021140471,-0.833,-0.6231049289359163,-0.18284525684861402
1992-10-15,-0.35,-0.1853057009752523,-0.1339841392345332,-0.627,-0.4143840354483887,-0.1828098401966445
1992-11-15,-0.14,0.03216688126957873,-0.13382638483358722,-0.399,-0.1836585786191306,-0.18277474863380325
1992-12-15,0.04,0.21965746561403499,-0.1336700323463681,-0.317,-0.09892872279212638,-0.18273998037055522
1993-01-15,0.28,0.4671656585786952,-0.13351507518446593,-0.196,0.02480536613346033,-0.18270553361739797
1993-02-15,0.42,0.6146910627966018,-0.13336150673643832,0.035,0.2585435206970544,-0.18267140658493217
1993-03-15,0.47,0.6722332769982186,-0.13320932036834576,-0.295,-0.06871442812956932,-0.18263759748393232
1993-04-15,0.92,1.129791895996374,-0.133058509424286,-0.181,0.04803134905147048,-0.1826041045254171
1993-05-15,0.93,1.1473665106711897,-0.13290906722692708,-0.027,0.20478068005790903,-0.18257092592071952
1993-06-15,0.64,0.8649567079549981,-0.13276098707803974,-0.108,0.12653339112107972,-0.1825380598815573
1993-07-15,0.33,0.5625620708172434,-0.13261426225902814,-0.152,0.08528930687965207,-0.18250550462010284
1993-08-15,0.16,0.40018217824936897,-0.13246888603145965,-0.305,-0.06495174962663783,-0.18247325834905323
1993-09-15,0.26,0.5078166052496917,-0.13232485163759317,-0.17,0.07281004303673837,-0.18244131928170007
1993-10-15,0.36,0.6154649228082658,-0.1321821523009064,-0.156,0.0895745046928202,-0.182409685631999
1993-11-15,0.28,0.5431266978917322,-0.1320407812266219,-0.149,0.09934145354687261,-0.18237835561463916
1993-12-15,0.19,0.46080149342815535,-0.1319007316022315,-0.206,0.04511070618009347,-0.18234732744511264
1994-01-15,0.03,0.3084888682918466,-0.13176199659801957,0.025,0.27888207754331606,-0.18231659933978336
1994-02-15,-0.16,0.1261883772881741,-0.1316245693675849,-0.146,0.11065538095070422,-0.18228616951595594
1994-03-15,-0.06,0.23389957113836057,-0.1314884430483611,0.202,0.46143042807344464,-0.18225603619194444
1994-04-15,0.03,0.33162199646426793,-0.13135361076213584,0.351,0.61320702893343,-0.18222619758714106
1994-05-15,0.14,0.44935519577317007,-0.13122006561556876,0.544,0.8089849918969408,-0.1821966519220845
1994-06-15,0.27,0.5870987074425127,-0.131087800700708,0.433,0.7007641236683178,-0.18216739741852805
1994-07-15,0.16,0.48485206570466144,-0.13095680909550514,0.557,0.8275442292836315,-0.18213843229950785
1994-08-15,0.52,0.852614800631637,-0.13082708386432862,0.811,1.0843251121043442,-0.18210975478941097
1994-09-15,0.4,0.7403864381198357,-0.13069861805847524,0.529,0.8051065738109685,-0.1820813631140431
1994-10-15,0.9,1.2481664998747408,-0.13057140471668074,0.707,0.9858884143967191,-0.18205325550069634
1994-11-15,1.14,1.4959545033956185,-0.1304454368656287,0.287,0.5686704321611586,-0.1820254301782165
1994-12-15,1.21,1.5737499619602056,-0.13032070752045793,0.263,0.5474524237038383,-0.18199788537707037
1995-01-15,1.1,1.4715523846093865,-0.13019720968526827,0.14,0.42723418391793155,-0.18197061932941266
1995-02-15,0.87,1.249361276131857,-0.13007493635362452,0.164,0.4540155059838646,-0.18194363026915295
1995-03-15,0.49,0.8771761370487754,-0.129953880509059,-0.05,0.2427961813629408,-0.18191691643202243
1995-04-15,0.27,0.6649964635984007,-0.1298340351255722,-0.221,0.0745759997909612,-0.18189047605564038
1995-05-15,0.03,0.43282174772072285,-0.12971539316813166,-0.251,0.04735474927183844,-0.18186430737958026
1995-06-15,0.08,0.490651477042079,-0.1295979475931692,-0.078,0.22313221607120637,-0.18183840864543582
1995-07-15,0.03,0.44848513485975705,-0.1294816913490763,-0.169,0.13490818471002414,-0.1818127780968866
1995-08-15,-0.38,0.04632220012658922,-0.12936661737669772,-0.144,0.16268243795817658,-0.18178741397976314
1995-09-15,-0.57,-0.13583785256446468,-0.12925271860982346,-0.18,0.1294547568280678,-0.1817623145421124
1995-10-15,-0.72,-0.27799555299574785,-0.129139987975679,-0.367,-0.05477507943178889,-0.18173747803426266
1995-11-15,-0.78,-0.3301514353403462,-0.12902841839541346,-0.294,0.020992706656813215,-0.1817129027088887
1995-12-15,-0.72,-0.2623060381775383,-0.1289180027845859,0.09,0.40775789079535285,-0.1816885868210764
1996-01-15,-0.65,-0.18445990450825822,-0.12880873405364984,-0.021,0.29952024690215495,-0.181664528628387
1996-02-15,-0.66,-0.18661358177056597,-0.12870060510843584,-0.033,0.2902795471059626,-0.18164072639092171
1996-03-15,-0.48,0.0012323781448678184,-0.128593608850632,-0.085,0.24103556173950086,-0.18161717837138538
1996-04-15,-0.34,0.14907741887926712,-0.1284877381782627,-0.369,-0.04021194066696274,-0.18159388283515007
1996-05-15,-0.4,0.09692097959024548,-0.12838298598616515,-0.266,0.06553680660793768,-0.18157083805031843
1996-06-15,-0.12,0.38476249493628994,-0.12827934516646436,-0.394,-0.0597184315297834,-0.18154804228778698
1996-07-15,-0.14,0.37260139506123363,-0.12817680860904584,-0.643,-0.3059778919959162,-0.18152549382130898
1996-08-15,-0.3,0.22043710557872004,-0.1280753692020262,-0.681,-0.3412418135345141,-0.18150319092755732
1996-09-15,-0.34,0.18826904755665527,-0.12797501983222145,-0.712,-0.36951043672435846,-0.1814811318861872
1996-10-15,-0.28,0.25609663750165046,-0.12787575338561352,-1.108,-0.7627840039854263,-0.18145931497989837
1996-11-15,-0.3,0.24391928734345455,-0.12777756274781452,-0.797,-0.4490627595853619,-0.1814377384944972
1996-12-15,-0.43,0.12173640441937694,-0.12768044080452884,-0.413,-0.06234694964595683,-0.18141640071895834
1997-01-15,-0.43,0.1295473914587006,-0.12758438044201298,-0.11,0.2433631778503672,-0.1813952999454859
1997-02-15,-0.24,0.32735164656708404,-0.12748937454753315,0.079,0.43506737305407417,-0.18137443446957457
1997-03-15,-0.06,0.5151485632109545,-0.12739541600982093,0.043,0.40176538424202357,-0.18135380259007045
1997-04-15,0.34,0.9229375302018912,-0.12730249771952673,0.054,0.4154569578109764,-0.1813334026092314
1997-05-15,0.87,1.460717931680998,-0.12721061256967092,0.025,0.38914183827109494,-0.18131323283278752
1997-06-15,1.15,1.7484891471032682,-0.1271197534560926,0.082,0.4488197682394396,-0.18129329157000101
1997-07-15,1.6,2.2062505512219377,-0.12702991327789603,0.447,0.8164904884334616,-0.18127357713372583
1997-08-15,1.94,2.5540015140728243,-0.1269410849378946,0.634,1.0061537376644907,-0.18125408784046712
1997-09-15,2.1,2.721741400958668,-0.12685326134305255,0.771,1.1458092528312211,-0.1812348220104402
1997-10-15,2.29,2.9194695724334534,-0.1267664354049243,0.873,1.250456768913191,-0.1812157779676292
1997-11-15,2.42,3.05718538428673,-0.12668060004009132,1.279,1.6590960189642578,-0.18119695403984554
1997-12-15,2.3,2.94488818752792,-0.12659574817059682,0.863,1.2457267341060743,-0.18117834855878634
1998-01-15,2.42,3.072577328370615,-0.12651187272437792,0.525,0.9103486435215556,-0.18115995986009245
1998-02-15,2.08,2.7402521482168574,-0.12642896663569536,0.422,0.8099614744483463,-0.18114178628340596
1998-03-15,1.49,2.157911983641421,-0.12634702284556087,-0.055,0.3355649521722777,-0.18112382617242725
1998-04-15,0.9,1.5755561663760835,-0.12626603430216196,0.047,0.4401588000208273,-0.18110607787497207
1998-05-15,0.68,1.3631840232938899,-0.12618599396128402,0.14,0.5357427393565696,-0.1810885397430283
1998-06-15,-0.39,0.3007948763934053,-0.12610689478673004,0.147,0.5453164895706252,-0.18107121013281222
1998-07-15,-0.73,-0.031611957217038245,-0.1260287297507377,-0.385,0.015879768076105305,-0.18105408740482457
1998-08-15,-0.83,-0.12403716533510989,-0.12595149183439394,-0.58,-0.17656770969844693,-0.18103716992390628
1998-09-15,-0.82,-0.10648144068025256,-0.12587517402804693,-0.496,-0.09002623031562218,-0.18102045605929368
1998-10-15,-1.19,-0.4689454809094633,-0.1257997693317154,-0.743,-0.3344960823357116,-0.18100394418467358
1998-11-15,-1.23,-0.5014299886330824,-0.12572527075549542,-0.653,-0.24197755632327778,-0.1809876326782379
1998-12-15,-1.51,-0.7739356714305949,-0.12565167131996408,-0.336,0.07752905514626979,-0.18097151992273788
1999-01-15,-1.53,-0.7864632418664332,-0.12557896405658095,-0.13,0.28602345748009605,-0.18095560430553814
1999-02-15,-1.41,-0.6590134175057925,-0.12550714200808666,-0.038,0.3805053540613584,-0.18093988421867008
1999-03-15,-0.92,-0.16158692093045324,-0.12543619822889876,0.102,0.5229744462426213,-0.18092435805888518
1999-04-15,-0.81,-0.04418447975460993,-0.12536612578550468,-0.002,0.421430433339267,-0.1809090242277078
1999-05-15,-0.87,-0.09680682664070661,-0.1252969177568521,-0.186,0.23987301262290345,-0.18089388113148777
1999-06-15,-0.95,-0.16945469931528268,-0.12522856723473683,-0.145,0.283301879314768,-0.1808789271814528
1999-07-15,-0.84,-0.05212884058482581,-0.1251610673241877,0.112,0.5427167265791266,-0.18086416079376016
1999-08-15,-0.98,-0.18482999835163638,-0.12509441114384862,0.023,0.45611724551667077,-0.18084958038954835
1999-09-15,-0.84,-0.037558925629694095,-0.12502859182635787,-0.05,0.38550312515791124,-0.180835184394988
1999-10-15,-1.03,-0.22031638056053537,-0.12496360251872438,-0.19,0.24787405245656802,-0.18082097124133248
1999-11-15,-1.41,-0.5931031264291375,-0.12489943638270144,-0.116,0.3242297122829572,-0.18080693936496814
1999-12-15,-1.54,-0.7159199316798135,-0.12483608659515727,-0.148,0.2945697874173738,-0.18079308720746418
2000-01-15,-1.79,-0.9587675699321081,-0.12477354634844262,-0.125,0.31989395854347147,-0.1807794132156222
2000-02-15,-1.53,-0.6916468199967045,-0.12471180885075563,-0.009,0.4382019042416401,-0.18076591584152552
2000-03-15,-1.26,-0.41455846589134204,-0.12465086732650339,0.14,0.5894933009823782,-0.1807525935425879
2000-04-15,-0.8,0.05249670314326438,-0.12459071501666082,0.141,0.592767823119664,-0.18073944478160184
2000-05-15,-0.8,0.059517892627494184,-0.12453134517912652,0.113,0.5670251428843232,-0.18072646802678632
2000-06-15,-0.75,0.11650430282688706,-0.12447275108907564,-0.022,0.43426493037739167,-0.18071366175183445
2000-07-15,-0.57,0.30345512873619984,-0.12441492603930983,0.077,0.5354868535634777,-0.1807010244359602
2000-08-15,-0.36,0.5203695600634585,-0.12435786334060396,0.131,0.5916905782641191,-0.18068855456394486
2000-09-15,-0.39,0.49724678121400284,-0.12430155632204992,-0.096,0.36687576815113887,-0.18067625062618328
2000-10-15,-0.55,0.34408597127452484,-0.12424599833139738,-0.142,0.32304208473999657,-0.1806641111187294
2000-11-15,-0.75,0.15088630399709863,-0.12419118273539147,-0.306,0.16118918738313587,-0.18065213454334128
2000-12-15,-0.92,-0.012353052216795168,-0.12413710292010736,-0.248,0.22131673326333148,-0.18064031940752606
2001-01-15,-0.88,0.03436706566774833,-0.12408375229128157,-0.431,0.040424377387032195,-0.18062866422458457
2001-02-15,-0.63,0.2910458153030687,-0.1240311242746401,-0.017,0.4565117725777018,-0.18061716751365506
2001-03-15,-0.48,0.44768234894294584,-0.12397921231622361,-0.01,0.4655785694691538,-0.18060582779975667
2001-04-15,-0.3,0.6342758134265987,-0.12392800988270956,0.136,0.6136244164988873,-0.18059464361383268
2001-05-15,-0.3,0.6408253501626766,-0.12387751046173086,0.137,0.6166489599014163,-0.18058361349279334
2001-06-15,-0.11,0.8373300951132459,-0.12382770756219147,0.127,0.6086518437015981,-0.18057273597955847
2001-07-15,0.01,0.9637891787777679,-0.123778594714579,-0.14,0.3436327097079588,-0.18056200962309948
2001-08-15,-0.07,0.8902017261770723,-0.12373016547127404,-0.301,0.18459119750601702,-0.1805514329784809
2001-09-15,-0.28,0.6865668568373264,-0.12368241340685619,-0.223,0.2645269444516032,-0.18054100460690156
2001-10-15,-0.26,0.7128836847739966,-0.12363533211840651,-0.451,0.03843958566417727,-0.1805307230757355
2001-11-15,-0.28,0.6991513184758036,-0.12358891522580688,-0.245,0.24632875402014545,-0.18052058695857198
2001-12-15,-0.46,0.5253688608886741,-0.12354315637203629,-0.051,0.4421940801461696,-0.18051059483525517
2002-01-15,-0.14,0.8515354093996843,-0.12349804922346379,-0.142,0.3530351924124795,-0.1805007452919234
2002-02-15,0.0,0.9976500558209964,-0.12345358747013786,-0.098,0.3988517169261799,-0.18049103692104804
2002-03-15,0.11,1.1137118863737914,-0.12340976482607266,0.008,0.5066432775245556,-0.18048146832147174
2002-04-15,0.14,1.149719981672198,-0.12336657502953091,-0.352,0.14840949576837414,-0.18047203809844622
2002-05-15,0.21,1.2256734167072114,-0.1233240118433034,-0.329,0.17314999093518646,-0.18046274486366948
2002-06-15,0.68,1.7015712608306108,-0.1232820690549852,-0.19,0.31386438001262296,-0.18045358723532257
2002-07-15,0.57,1.5974125777388677,-0.12324074047724846,-0.26,0.2455522776916891,-0.18044456383810598
2002-08-15,0.7,1.7331964254570544,-0.12320001994811182,-0.208,0.29921329636005833,-0.1804356733032754
2002-09-15,0.82,1.8589218563227412,-0.12315990133120631,0.286,0.7948470460953614,-0.18042691426867716
2002-10-15,1.16,2.2045879169698948,-0.12312037851603821,0.405,0.9154531346584738,-0.18041828537878316
2002-11-15,1.41,2.4601936483127664,-0.12308144541824816,0.096,0.6080311674868015,-0.1804097852847253
2002-12-15,1.41,2.465738085529777,-0.12304309597986707,-0.158,0.3555807476875658,-0.18040141264432935
2003-01-15,0.98,2.0412202580473906,-0.12300532416956839,-0.239,0.27610147603108204,-0.18039316612214817
2003-02-15,0.64,1.7066391895239903,-0.12296812398291708,0.017,0.5335929509440399,-0.18038504438949451
2003-03-15,0.48,1.5519938978337398,-0.12293148944261513,-0.039,0.4790547685027786,-0.1803770461244734
2003-04-15,-0.03,1.047283395050446,-0.12289541459874377,-0.099,0.42048652242656265,-0.18036917001201422
2003-05-15,-0.52,0.5625066874314211,-0.12285989352900197,-0.164,0.3568878040708533,-0.18036141474390238
2003-06-15,-0.19,0.8976627754013343,-0.12282492033894157,0.139,0.6612582024205789,-0.1803537790188101
2003-07-15,0.14,1.2327506535360608,-0.12279048916219894,0.131,0.6545973040834014,-0.18034626154232686
2003-08-15,0.05,1.1477693105465276,-0.122756594160723,0.108,0.6329046932829842,-0.18033886102698918
2003-09-15,0.15,1.2527177292625535,-0.12272322952499966,-0.061,0.4651799518522533,-0.18033157619231008
2003-10-15,0.46,1.5675948866166824,-0.12269038947427292,-0.243,0.28442265922666066,-0.18032440576480782
2003-11-15,0.39,1.5023997536280145,-0.12265806825676251,-0.159,0.369632392437443,-0.18031734847803435
2003-12-15,0.32,1.4371312953860316,-0.12262626014987793,0.189,0.7188087261048794,-0.180310403072603
2004-01-15,0.26,1.3817884710344177,-0.12259495946042896,0.044,0.5749512324315467,-0.1803035682962154
2004-02-15,0.17,1.296370233754878,-0.12256416052483257,0.114,0.6460594811955737,-0.18029684290368847
2004-03-15,-0.1,1.03087553075095,-0.12253385770931598,0.077,0.6101330397438912,-0.1802902256569804
2004-04-15,0.06,1.1953033032318152,-0.12250404541011624,-0.08,0.45417147298548266,-0.18028371532521667
2004-05-15,0.1,1.239652486396102,-0.12247471805367649,-0.565,-0.029825656615367624,-0.18027731068471511
2004-06-15,0.14,1.283922009415687,-0.12244587009683852,-0.384,0.15214121095417227,-0.18027101051901073
2004-07-15,0.41,1.558110795419488,-0.12241749602703157,-0.301,0.23607163324872465,-0.18026481361887964
2004-08-15,0.66,1.8122177614772579,-0.12238959036245767,-0.132,0.4059651653579468,-0.18025871878236233
2004-09-15,0.67,1.8262418185833713,-0.12236214765227336,-0.106,0.4328213598997716,-0.18025272481478655
2004-10-15,0.73,1.8901818716406085,-0.12233516247676786,-0.004,0.5356397670136462,-0.1802468305287899
2004-11-15,0.62,1.784036819443934,-0.12230862944753722,-0.153,0.3874199343537693,-0.1802410347443418
2004-12-15,0.71,1.8778055546642762,-0.12228254320765533,-0.132,0.40916140708232734,-0.18023533628876479
2005-01-15,0.56,1.731486963832293,-0.12225689843184107,-0.124,0.41786372786272774,-0.18022973399675513
2005-02-15,0.26,1.4350799273221384,-0.12223168982662172,-0.56,-0.017473563147169024,-0.180224226710403
2005-03-15,0.28,1.4585833193352307,-0.12220691213049295,-0.432,0.11114907169818194,-0.1802188132792122
2005-04-15,0.28,1.4619960078840126,-0.12218256011407483,0.084,0.6277311675252374,-0.18021349256011926
2005-05-15,0.3,1.4853168547757105,-0.1221586285802645,-0.033,0.5112722569345935,-0.1802082634175123
2005-06-15,0.22,1.4085447155960884,-0.12213511236438493,-0.176,0.3687718699942139,-0.18020312472324893
2005-07-15,-0.01,1.1816784396931963,-0.12211200633433011,-0.384,0.16122953423265152,-0.18019807535667368
2005-08-15,-0.04,1.1547168701611177,-0.12208930539070657,-0.345,0.20064477463227254,-0.1801931142046348
2005-09-15,-0.08,1.117658843823712,-0.1220670044669712,-0.534,0.012017113622475983,-0.18018824016150042
2005-10-15,-0.15,1.0505031912183551,-0.12204509852956541,-0.436,0.11034607107291505,-0.18018345212917408
2005-11-15,-0.44,0.7632487365796752,-0.12202358257804555,-0.272,0.27463116428671364,-0.18017874901710978
2005-12-15,-0.75,0.45589429782328683,-0.12200245164520955,-0.3,0.2468719079936846,-0.18017412974232697
2006-01-15,-0.98,0.2284386865295197,-0.1219817007972202,-0.135,0.41206781434354456,-0.18016959322942447
2006-02-15,-0.71,0.5008807079271435,-0.1219613251337245,-0.305,0.2422183928991268,-0.1801651384105938
2006-03-15,-0.73,0.4832191608770885,-0.12194131978796904,-0.226,0.3213231506295946,-0.18016076422563218
2006-04-15,-0.3,0.9154528378561665,-0.1219216799269121,-0.015,0.5323815919036512,-0.18015646962195458
2006-05-15,-0.11,1.1075805249407873,-0.12190240075133196,-0.207,0.3403932184827491,-0.18015225355460507
2006-06-15,0.09,1.3096010017906734,-0.1218834774959316,-0.059,0.48835752951429934,-0.18014811498626798
2006-07-15,0.03,1.2515130416325715,-0.12186490542943954,0.04,0.5872740215248767,-0.18014405288727878
2006-08-15,0.37,1.5933154112439603,-0.1218466798547072,0.229,0.7761421884134263,-0.18014006623563392
2006-09-15,0.63,1.8550068709367546,-0.12182879610880253,0.428,0.9749615214444671,-0.18013615401700037
2006-10-15,0.76,1.9865861745410087,-0.1218112495630998,0.577,1.1237315092412958,-0.18013231522472448
2006-11-15,0.98,2.2080520693886174,-0.12179403562336572,0.501,1.0474516377791887,-0.18012854885984003
2006-12-15,1.1,2.329403296297015,-0.12177714972984188,0.172,0.7181213903786028,-0.1801248539310759
2007-01-15,0.59,1.820638589552873,-0.12176058735732344,0.224,0.7697402476983771,-0.18012122945486303
2007-02-15,0.12,1.351756676895795,-0.12174434401523394,0.15,0.6953076877289298,-0.18011767445534088
2007-03-15,-0.15,1.082756279502002,-0.12172841524769674,0.116,0.6608231857854557,-0.1801141879643637
2007-04-15,-0.16,1.073636111968018,-0.1217127966336027,0.1,0.6442862145011223,-0.18011076902150572
2007-05-15,-0.39,0.8443948822943524,-0.12169748378667423,0.27,0.8136962438202643,-0.18010741667406568
2007-06-15,-0.16,1.0750312918691842,-0.12168247235552578,0.03,0.5730527409915758,-0.18010412997707087
2007-07-15,-0.37,0.8655440354520387,-0.12166775802372028,0.045,0.5873551705613049,-0.1801009079932806
2007-08-15,-0.57,0.6659318011574661,-0.1216533365098223,0.236,0.7776029943664434,-0.1800977497931891
2007-09-15,-1.04,0.1961932704387116,-0.12163920356744712,0.235,0.7757956715279175,-0.1800946544550277
2007-10-15,-1.4,-0.16367288192861307,-0.12162535498530636,0.068,0.6079326584437774,-0.18009162106476637
2007-11-15,-1.58,-0.3436679878628621,-0.12161178658724996,-0.023,0.5160134087823846,-0.18008864871611455
2007-12-15,-1.61,-0.37379338599268785,-0.12159849423230444,-0.227,0.31103737347559834,-0.18008573651052182
2008-01-15,-1.79,-0.5540504216733777,-0.12158547381470716,0.115,0.6520040007119625,-0.18008288355717775
2008-02-15,-1.7,-0.46444044700318865,-0.12157272126393694,-0.072,0.4639127359298896,-0.1800800889730112
2008-03-15,-1.17,0.06503517916030932,-0.12156023254474131,0.097,0.6317630218108464,-0.18007735188268909
2008-04-15,-0.89,0.3443750911838941,-0.12154800365716012,-0.153,0.38055429827253634,-0.18007467141861455
2008-05-15,-0.64,0.5935779166423456,-0.12153603063654515,0.178,0.7102860024620823,-0.18007204672092442
2008-06-15,-0.44,0.7926422763020993,-0.12152430955357621,0.215,0.7459575687492066,-0.180069476937486
2008-07-15,-0.04,1.1915667841048974,-0.12151283651427365,0.246,0.7755684287194131,-0.1800669612238934
2008-08-15,-0.04,1.1903500471514383,-0.12150160766000734,0.124,0.6521180111671663,-0.1800644987434629
2008-09-15,-0.28,0.9489906656850233,-0.12149061916750191,0.086,0.6126057420890705,-0.18006208866722803
2008-10-15,-0.3,0.9274872330752021,-0.12147986724883839,0.029,0.5540310446770472,-0.1800597301739339
2008-11-15,-0.37,0.8558383358014177,-0.12146934815145238,-0.128,0.3953933393115121,-0.1800574224500312
2008-12-15,-0.9,0.32404255343664756,-0.1214590581581285,-0.053,0.4686920435545514,-0.1800551646896696
2009-01-15,-1.0,0.22209845863104571,-0.12144899358699109,0.031,0.5509265721430966,-0.18005295609469008
2009-02-15,-0.71,0.5100046170955781,-0.12143915079149142,0.163,0.6810963369820986,-0.1800507958746169
2009-03-15,-0.72,0.49775958758565997,-0.1214295261603914,0.1,0.6162007471377008,-0.18004868324664883
2009-04-15,-0.25,0.9653619218847901,-0.12142011611774363,0.126,0.6402392088304126,-0.18004661743564995
2009-05-15,0.17,1.3828101647881834,-0.12141091712286799,0.256,0.7682111254282811,-0.18004459767413997
2009-06-15,0.49,1.7001028540864018,-0.12140192567032479,0.1,0.610115897440062,-0.18004262320228392
2009-07-15,0.69,1.897238520548983,-0.12139313828988418,-0.192,0.31595292250839074,-0.18004069326788125
2009-08-15,0.62,1.8242156879080687,-0.12138455154649216,-0.104,0.40172159540295094,-0.180038807126354
2009-09-15,0.68,1.8810328728420351,-0.121376162040233,-0.103,0.40042130801364284,-0.1800369640407345
2009-10-15,0.96,2.157688584959118,-0.12136796640628808,-0.013,0.4880514493437532,-0.1800351632816524
2009-11-15,1.49,2.684181326781039,-0.12135996131489174,-0.067,0.4316114055031229,-0.18003340412732136
2009-12-15,1.81,3.000509593726627,-0.12135214347128329,0.16,0.6561005597013151,-0.18003168586352505
2010-01-15,1.43,2.616671874095439,-0.12134450961565557,0.294,0.7875182922407811,-0.18003000778360265
2010-02-15,1.18,2.362666649051379,-0.12133705652309992,0.023,0.5138639805100266,-0.1800283691884335
2010-03-15,1.07,2.2484923926063125,-0.12132978100354778,0.458,0.9461369989767774,-0.1800267693864216
2010-04-15,0.56,1.734147571603684,-0.1213226799017091,0.37,0.855336719181142,-0.18002520769347913
2010-05-15,-0.15,1.0196306457021298,-0.12131575009700717,-0.03,0.4524625097287756,-0.18002368343300967
2010-06-15,-0.62,0.5449400673590901,-0.12130898850351007,-0.14,0.3395137362840439,-0.1800221959358904
2010-07-15,-0.89,0.27007428181441995,-0.12130239206985885,-0.001,0.4754897615631838,-0.18002074454045394
2010-08-15,-1.33,-0.1749682729260018,-0.12129595777919194,-0.062,0.4113899453274654,-0.1800193285924699
2010-09-15,-1.56,-0.410189166106663,-0.12128968264906632,-0.268,0.20221364437635403,-0.18001794744512548
2010-10-15,-1.65,-0.5055899742388092,-0.12128356373137547,-0.437,0.029960212540670217,-0.18001660045900558
2010-11-15,-1.57,-0.43117228111683636,-0.12127759811226396,-0.495,-0.031370999324249804,-0.1800152870020723
2010-12-15,-1.63,-0.4969376778346841,-0.12127178291203884,-0.212,0.24821935665460473,-0.1800140064496436
2011-01-15,-1.7,-0.5728877628022361,-0.12126611528507761,0.192,0.648730625361077,-0.1800127581843713
2011-02-15,-1.26,-0.13902414176171407,-0.12126059241973301,0.242,0.6951621486830026,-0.18001154159621893
2011-03-15,-0.98,0.1346515721959204,-0.12125521153823428,0.367,0.8165132655053684,-0.18001035608243895
2011-04-15,-0.74,0.36813775861456716,-0.12124996989658551,0.154,0.5997833117034701,-0.18000920104754917
2011-05-15,-0.53,0.5714327896565855,-0.12124486478446093,-0.089,0.3529716201360704,-0.18000807590330856
2011-06-15,-0.25,0.8445350300863929,-0.12123989352509684,0.055,0.4930775206385549,-0.1800069800686927
2011-07-15,-0.23,0.8574428372540615,-0.1212350534751805,0.223,0.6571003400160873,-0.18000591296986856
2011-08-15,-0.66,0.42015456107891624,-0.12123034202473568,0.344,0.7740394020367669,-0.1800048740401688
2011-09-15,-0.76,0.31266854403313066,-0.12122575659700499,0.202,0.6278940274247845,-0.18000386272006574
2011-10-15,-0.93,0.13498312112531902,-0.12122129464832919,0.356,0.777663533853576,-0.18000287845714433
2011-11-15,-1.09,-0.03290338011587002,-0.12121695366802326,0.336,0.7533472359389761,-0.18000192070607438
2011-12-15,-1.05,-0.000992639658162764,-0.12121273117824928,-0.128,0.28494444523237206,-0.18000098892858282
2012-01-15,-0.93,0.11071365501792912,-0.12120862473388645,0.046,0.45445447021385865,-0.18000008259342495
2012-02-15,-0.61,0.4222138089027012,-0.12120463192239792,-0.078,0.32587661628538855,-0.17999920117635534
2012-03-15,-0.48,0.5435061194408425,-0.12120075036369453,0.026,0.42521018576392683,-0.17999834416009813
2012-04-15,-0.29,0.7245888765150272,-0.12119697770999559,-0.271,0.12345447787460245,-0.1799975110343166
2012-05-15,-0.18,0.8254603624295019,-0.1211933116456867,-0.37,0.019608788743862016,-0.17999670129558237
2012-06-15,0.14,1.1361188518936733,-0.12118974988717474,0.001,0.3856724113926203,-0.1799959144473442
2012-07-15,0.44,1.4265626120056951,-0.12118629018273992,0.546,0.9256446357294119,-0.17999514999989627
2012-08-15,0.66,1.6367899022360535,-0.12118293031238515,0.652,1.026524748543543,-0.1799944074703458
2012-09-15,0.44,1.4067989744111515,-0.12117966808768234,0.453,0.8223120334982439,-0.17999368638258004
2012-10-15,0.23,1.1865880726968974,-0.12117650135161603,0.11,0.47400577112381803,-0.17999298626723284
2012-11-15,0.33,1.2761554335822878,-0.12117342797842409,-0.1,0.25860523881078923,-0.179992306661651
2012-12-15,-0.13,0.805499285862992,-0.12117044587343548,0.268,0.6211097108030512,-0.17999164710985965
2013-01-15,-0.42,0.5046178506249368,-0.12116755297290546,-0.065,0.28251845819101673,-0.17999100716252747
2013-02-15,-0.4,0.5135093412278866,-0.12116474724384806,0.189,0.5308307489047693,-0.17999038637693116
2013-03-15,-0.14,0.7621719632890268,-0.1211620266838656,0.083,0.4190458477072102,-0.1799897843169194
2013-04-15,-0.08,0.8106039146665431,-0.12115938932097596,-0.297,0.033163016187208294,-0.17998920055287623
2013-05-15,-0.28,0.5988033854432012,-0.12115683321343688,-0.506,-0.18181848724725225,-0.17998863466168405
2013-06-15,-0.33,0.5367685579099241,-0.12115435644956767,-0.497,-0.1788994073759239,-0.1799880862266858
2013-07-15,-0.28,0.5744976065493723,-0.12115195714756836,-0.18,0.13191950782685208,-0.17998755483764697
2013-08-15,-0.29,0.5519886980195211,-0.12114963345533618,-0.194,0.11163750718529239,-0.17998704009071698
2013-09-15,-0.09,0.7392399911372375,-0.12114738355027953,-0.31,-0.010746163684680066,-0.17998654158839006
2013-10-15,-0.24,0.5762496368618557,-0.12114520563912966,-0.168,0.12476773761771001,-0.17998605893946573
2013-11-15,-0.02,0.7830157782787563,-0.12114309795774957,0.199,0.4851784502712362,-0.1799855917590087
2013-12-15,-0.09,0.6995365505829394,-0.12114105877094047,0.141,0.4204852102258167,-0.17998513966830812
2014-01-15,-0.42,0.35581008106259976,-0.12113908637224599,-0.101,0.17168725019566208,-0.17998470229483673
2014-02-15,-0.45,0.31183448908270256,-0.1211371790837538,-0.089,0.1767837996524213,-0.1799842792722092
2014-03-15,-0.07,0.6776078860685564,-0.12113533525589507,-0.151,0.10777408481832773,-0.17998387024014004
2014-04-15,0.28,1.013128375489386,-0.12113355326724154,-0.058,0.1936573286593451,-0.17998347484440108
2014-05-15,0.45,1.168394052841907,-0.12113183152429992,-0.092,0.15243275087831235,-0.1799830927367786
2014-06-15,0.48,1.183403005633898,-0.12113016846130416,-0.028,0.20909956790808953,-0.1799827235750297
2014-07-15,0.13,0.8181533133677718,-0.12112856254000583,-0.363,-0.13334300709529756,-0.17998236702283865
2014-08-15,0.14,0.8126430475241454,-0.12112701224946187,-0.372,-0.14989576425951112,-0.1799820227497722
2014-09-15,0.37,1.0268702715454103,-0.1211255161058204,-0.145,0.069440502997242,-0.17998169043123494
2014-10-15,0.48,1.1208330408193028,-0.1211240726521045,0.141,0.3476649979593548,-0.1799813697484237
2014-11-15,0.89,1.5145294026624747,-0.12112268045799411,0.01,0.20877692060696568,-0.17998106038828213
2014-12-15,0.77,1.377957396304065,-0.1211213381196056,0.046,0.23677546760910362,-0.1799807620434549
2015-01-15,0.59,1.1811150528692718,-0.12112004425926928,-0.1,0.08265983231683077,-0.17998047441224102
2015-02-15,0.57,1.1440003953629212,-0.12111879752530492,-0.345,-0.17057079524361313,-0.1799801971985472
2015-03-15,0.48,1.036611438653035,-0.12111759659179523,-0.241,-0.07491722837766734,-0.1799799301118405
2015-04-15,0.9,1.4389461894544002,-0.12111644015835782,-0.008,0.14961971627069293,-0.1799796728671007
2015-05-15,1.04,1.5610026463121338,-0.12111532694991495,0.24,0.38903921871210057,-0.17997942518477203
2015-06-15,1.28,1.7827787995852555,-0.1211142557164616,0.296,0.43634045560494034,-0.17997918679071448
2015-07-15,1.56,2.0442726314302537,-0.12111322523283177,0.225,0.3565226002484928,-0.17997895741615486
2015-08-15,1.87,2.3354821157846546,-0.12111223429846327,0.567,0.6895848225760772,-0.17997873679763768
2015-09-15,2.01,2.45640521835059,-0.12111128173716047,0.294,0.4075262891481938,-0.1799785246769758
2015-10-15,2.21,2.637039896578365,-0.12111036639685552,0.483,0.5873461631456687,-0.1799783208012002
2015-11-15,2.57,2.9773840996500254,-0.12110948714936792,0.347,0.44204360436279366,-0.1799781249225092
2015-12-15,2.56,2.947435768462922,-0.12110864289016264,0.272,0.3576177692004705,-0.17997793679821822
2016-01-15,2.56,2.927192835613279,-0.12110783253810645,0.266,0.342067810659352,-0.17997775619070855
2016-02-15,2.11,2.4566532253797595,-0.12110705503522286,-0.11,-0.04360712166701569,-0.17997758286737617
2016-03-15,1.6,1.9258148537070323,-0.12110630934644574,-0.009,0.04759211840094962,-0.17997741660058011
2016-04-15,1.05,1.3546756281893333,-0.12110559445937136,0.146,0.1926646736220068,-0.17997725716759091
2016-05-15,0.45,0.733233448054033,-0.12110490938400896,-0.113,-0.07639031667276613,-0.1799771043505385
2016-06-15,0.06,0.3214862041452006,-0.12110425315253018,-0.443,-0.4165737165868293,-0.1799769579363598
2016-07-15,-0.25,-0.010568221092831231,-0.12110362481901722,-0.758,-0.74188639366504,-0.17997681771674595
2016-08-15,-0.48,-0.2629319536319027,-0.1211030234592097,-0.444,-0.43832921890051046,-0.17997668348808915
2016-09-15,-0.46,-0.2656071278764617,-0.12110244817025029,-0.437,-0.4419030667414677,-0.17997655505142923
2016-10-15,-0.75,-0.5785958866799998,-0.12110189807042941,-0.372,-0.3876088150981102,-0.17997643221240034
2016-11-15,-0.63,-0.48190038136148683,-0.12110137229892867,-0.382,-0.4084473453494689,-0.17997631478117712
2016-12-15,-0.51,-0.3855227717218085,-0.12110087001556326,-0.31,-0.3474195423502661,-0.17997620257242067
2017-01-15,-0.34,-0.2394652260602009,-0.12110039040052328,-0.086,-0.13452629443777397,-0.17997609540522405
2017-02-15,-0.01,0.06627007880931159,-0.12109993265411433,0.101,0.041231506561326,-0.17997599310305804
2017-03-15,-0.09,-0.038319042458519206,-0.12109949599649714,0.357,0.2858529653240851,-0.17997589549371648
2017-04-15,0.22,0.24676521624339925,-0.1210990796674264,0.499,0.4163371830244283,-0.1799758024092612
2017-05-15,0.3,0.301520652458062,-0.12109868292598863,0.536,0.4416832573262956,-0.17997571368596643
2017-06-15,0.22,0.1959450551479308,-0.12109830505033913,0.424,0.3178902823767834,-0.17997562916426363
2017-07-15,0.22,0.17003620467849756,-0.12109794533743837,0.52,0.40195734879928563,-0.17997554868868615
2017-08-15,-0.18,-0.25620812719815317,-0.12109760310278807,0.349,0.21888354368663354,-0.17997547210781348
2017-09-15,-0.56,-0.6627901773597804,-0.12109727768016648,0.034,-0.1083320494057626,-0.17997539927421516
2017-10-15,-0.52,-0.6497121913304249,-0.12109696842136318,0.016,-0.13869035046677353,-0.1799753300443949
2017-11-15,-0.84,-0.9969764232968465,-0.12109667469591315,0.289,0.12180771696358955,-0.17997526427873448
2017-12-15,-0.85,-1.034585136124961,-0.12109639589083067,0.109,-0.0708387742126844,-0.17997520184143742
2018-01-15,-0.86,-1.0725406013762795,-0.12109613141034276,-0.2,-0.3926307546584649,-0.17997514260047237
2018-02-15,-0.73,-0.9708450993243437,-0.12109588067562214,0.215,0.009430841391660644,-0.17997508642751636
2018-03-15,-0.73,-0.9995009189711687,-0.12109564312451995,-0.12,-0.33865492387547436,-0.17997503319789804
2018-04-15,-0.36,-0.6585103580636764,-0.12109541821129834,-0.083,-0.3148889918584722,-0.17997498279054092
2018-05-15,-0.12,-0.4478757231101358,-0.12109520540636282,0.122,-0.12327230754823225,-0.1799749350879065
2018-06-15,0.12,-0.23759932939660103,-0.1210950041959946,0.155,-0.10380581953481005,-0.17997488997593716
2018-07-15,0.27,-0.11768350100335057,-0.12109481408208253,0.053,-0.21949048001427615,-0.17997484734399957
2018-08-15,0.05,-0.36813057082132483,-0.12109463458185533,0.122,-0.16432724479557526,-0.17997480708482763
2018-09-15,0.3,-0.1489428805685638,-0.12109446522761386,0.604,0.303682926692614,-0.1799747690944656
2018-10-15,0.84,0.35987721919335347,-0.12109430556646338,0.685,0.37053907139501896,-0.17997473327221086
2018-11-15,1.0,0.4883273690428709,-0.12109415516004615,0.5,0.17124022262291502,-0.17997469952055678
2018-12-15,0.97,0.42640520068201937,-0.12109401358427442,0.309,-0.034214589952734936,-0.17997466774513565
2019-01-15,0.51,-0.06589166308002137,-0.1210938804290635,0.387,0.029173659691859172,-0.17997463785466183
2019-02-15,0.62,0.011434391656638065,-0.12109375529806503,0.416,0.04340399392645433,-0.17997460976087493
2019-03-15,0.81,0.16838096986615703,-0.12109363780840096,0.224,-0.16352456854008512,-0.1799745833784824
2019-04-15,0.67,-0.005054332419473728,-0.12109352759039772,0.258,-0.14461301266664642,-0.17997455862510267
2019-05-15,0.61,-0.09887392812686824,-0.12109342428732112,0.539,0.12113767291327138,-0.17997453542120814
2019-06-15,0.66,-0.08308023915768503,-0.12109332755511197,0.605,0.17172649588469752,-0.17997451369006864
2019-07-15,0.41,-0.3676756964050662,-0.12109323706212213,0.597,0.14815246024432943,-0.1799744933576944
2019-08-15,0.19,-0.6226627397700738,-0.12109315248885123,0.436,-0.02858543370632627,-0.17997447435277936
2019-09-15,0.11,-0.7380438181781314,-0.12109307352768434,0.893,0.41251181063218556,-0.17997445660664474
2019-10-15,0.55,-0.33382138959546104,-0.1210929998826306,0.964,0.4674431861504065,-0.17997444005318253
2019-11-15,0.74,-0.1799979210455237,-0.12109293126906293,0.835,0.3222076820231061,-0.17997442462879926
2019-12-15,0.51,-0.44657588862545516,-0.12109286741345839,0.243,-0.286195716297577,-0.1799744102723602
2020-01-15,0.64,-0.35355777752250606,-0.12109280805313977,0.173,-0.37276802708899326,-0.1799743969251336
2020-02-15,0.48,-0.5509460820304803,-0.12109275293601833,0.054,-0.5085102723648437,-0.1799743845307348
2020-03-15,0.36,-0.7087433055661729,-0.1210927018203378,0.019,-0.5604234778820387,-0.17997437303507077
2020-04-15,0.49,-0.6169519606858084,-0.12109265447441943,-0.011,-0.6075086731475581,-0.17997436238628453
2020-05-15,-0.12,-1.2655745691014801,-0.12109261067640859,0.298,-0.3157668914253106,-0.1799743525347003
2020-06-15,-0.21,-1.3946136616975884,-0.12109257021402274,0.454,-0.17719916974299568,-0.1799743434327688
2020-07-15,-0.04,-1.2640717785472797,-0.12109253288430097,0.32,-0.32880654889896266,-0.17997433503501292
2020-08-15,-0.42,-1.6839514689288868,-0.12109249849335492,-0.183,-0.8495900734690713,-0.1799743272979732
2020-09-15,-0.66,-1.9642552913423676,-0.12109246685612146,-0.19,-0.8745507918135511,-0.17997432018015413
2020-10-15,-1.19,-2.5349858135257466,-0.12109243779611688,0.074,-0.6286897560838619,-0.17997431364197056
2020-11-15,-1.01,-2.39614561247155,-0.1210924111451929,0.02,-0.7010080222295549,-0.17997430764569436
2020-12-15,-0.98,-2.4077372744432455,-0.12109238674329467,0.03,-0.709506650005131,-0.17997430215540164
2021-01-15,-1.04,-2.5097633949916816,-0.1210923644382207,0.051,-0.7071867029769016,-0.17997429713692029
2021-02-15,-0.94,-2.4522265789715227,-0.12109234408538466,0.243,-0.5340492485298477,-0.17997429255777772
2021-03-15,-0.72,-2.2751294405576923,-0.12109232554757919,0.266,-0.5300953578744811,-0.17997428838714896
2021-04-15,-0.55,-2.1484746032618096,-0.12109230869474166,0.25,-0.5653261060537033,-0.1799742845958051
2021-05-15,-0.41,-2.05226469994863,-0.12109229340372225,0.009,-0.8257425719496644,-0.17997428115606245
2021-06-15,-0.06,-1.7465023728524822,-0.12109227955805435,-0.002,-0.8563458382906244,-0.17997427804173205
2021-07-15,-0.2,-1.9311902735937074,-0.12109226704772752,-0.228,-1.1021369916578139,-0.1799742752280698
2021-08-15,-0.38,-2.156331063195095,-0.12109225576896253,-0.099,-0.9931171224922917,-0.17997427269172675
2021-09-15,-0.5,-2.321927412098322,-0.12109224562398893,-0.058,-0.9722873251018056,-0.1799742704107
2021-10-15,-0.78,-2.6479820001803924,-0.1210922365208253,-0.091,-1.025648697667652,-0.17997426836428435
2021-11-15,-0.88,-2.794497516770076,-0.12109222837306234,0.069,-0.886202342251537,-0.17997426653302415
2021-12-15,-1.07,-3.0314766606643526,-0.12109222109964873,-0.12,-1.0959493648024377,-0.1799742648986659
2022-01-15,-0.77,-2.778922140144855,-0.12109221462467977,-0.056,-1.052890875163461,-0.17997426344411138
2022-02-15,-0.68,-2.7368366729943068,-0.12109220887718877,-0.083,-1.101027987078705,-0.17997426215337148
2022-03-15,-0.84,-2.945222986512958,-0.12109220379094152,-0.093,-1.132361818200118,-0.17997426101152036
2022-04-15,-0.9,-3.054083817535027,-0.12109219930423394,-0.068,-1.1288934900943572,-0.1799742600046505
2022-05-15,-1.02,-3.22342191244514,-0.12109219535969318,-0.122,-1.2046241282496477,-0.17997425911982834
2022-06-15,-0.77,-3.0232400271947695,-0.12109219190408155,-0.335,-1.4395548620826428,-0.17997425834505063
2022-07-15,-0.56,-2.8635409273186734,-0.12109218888810401,-0.195,-1.3216868249452833,-0.17997425766920153
2022-08-15,-0.96,-3.3143273879513293,-0.12109218626621902,-0.246,-1.3950211541316582,-0.1799742570820105
2022-09-15,-1.06,-3.465602193843373,-0.12109218399645286,-0.322,-1.4935589908848605,-0.17997425657401092
2022-10-15,-0.99,-3.4473681393780335,-0.12109218204021772,-0.691,-1.8853014804038493,-0.1799742561364994
2022-11-15,-0.76,-3.2696280285875727,-0.12109218036213333,-0.269,-1.486249771850308,-0.1799742557614959
2022-12-15,-0.86,-3.422384675169721,-0.12109217892985225,-0.092,-1.3324050183555103,-0.17997425544170476
2023-01-15,-0.78,-3.39564090250411,-0.12109217771388942,0.109,-1.1547683770271777,-0.17997425517047666
2023-02-15,-0.62,-3.2893995436687065,-0.12109217668745546,0.157,-1.1303410089563415,-0.1799742549417711
2023-03-15,-0.13,-2.85366344145625,-0.12109217582629393,0.415,-0.8961240792242019,-0.1799742547501198
2023-04-15,0.24,-2.538435448390687,-0.12109217510852276,0.56,-0.7751187569089879,-0.17997425459059113
2023-05-15,0.47,-2.3637184267436115,-0.12109217451447998,0.443,-0.9163262150928146,-0.17997425445875556
2023-06-15,0.95,-1.9395152485506963,-0.12109217402657371,0.665,-0.7187476308685427,-0.17997425435065176
2023-07-15,1.2,-1.745828795628134,-0.12109217362913623,0.498,-0.9103841853466392,-0.17997425426275357
2023-08-15,1.56,-1.4426619595890715,-0.12109217330828277,0.825,-0.6082370636620368,-0.17997425419193827
2023-09-15,1.65,-1.4100176418600499,-0.12109217305177501,0.946,-0.5123074549809918,-0.1799742541354555
2023-10-15,1.59,-1.52789875369744,-0.12109217284888907,0.804,-0.6795965525079406,-0.17997425409089735
2023-11-15,2.01,-1.1663082162038796,-0.12109217269028849,0.92,-0.5891055534923608,-0.1799742540561695
2023-12-15,1.81,-1.4252489603447152,-0.12109217256790239,0.851,-0.6838356592356292,-0.1799742540294637
